PRO-CTCAE System ID,PRO-CTCAE Term,FREQ,SEV,INT,AMT,PRES/ABS,pCTCAE
10001,"Aching joints (such as elbows, knees, shoulders)",0,0,0,n/a,n/a,0
10001,"Aching joints (such as elbows, knees, shoulders)",1,0,0,n/a,n/a,1
10001,"Aching joints (such as elbows, knees, shoulders)",1,0,1,n/a,n/a,1
10001,"Aching joints (such as elbows, knees, shoulders)",1,0,2,n/a,n/a,1
10001,"Aching joints (such as elbows, knees, shoulders)",1,0,3,n/a,n/a,2
10001,"Aching joints (such as elbows, knees, shoulders)",1,0,4,n/a,n/a,2
10001,"Aching joints (such as elbows, knees, shoulders)",1,1,0,n/a,n/a,1
10001,"Aching joints (such as elbows, knees, shoulders)",1,1,1,n/a,n/a,1
10001,"Aching joints (such as elbows, knees, shoulders)",1,1,2,n/a,n/a,1
10001,"Aching joints (such as elbows, knees, shoulders)",1,1,3,n/a,n/a,2
10001,"Aching joints (such as elbows, knees, shoulders)",1,1,4,n/a,n/a,2
10001,"Aching joints (such as elbows, knees, shoulders)",1,2,0,n/a,n/a,2
10001,"Aching joints (such as elbows, knees, shoulders)",1,2,1,n/a,n/a,2
10001,"Aching joints (such as elbows, knees, shoulders)",1,2,2,n/a,n/a,2
10001,"Aching joints (such as elbows, knees, shoulders)",1,2,3,n/a,n/a,2
10001,"Aching joints (such as elbows, knees, shoulders)",1,2,4,n/a,n/a,3
10001,"Aching joints (such as elbows, knees, shoulders)",1,3,0,n/a,n/a,2
10001,"Aching joints (such as elbows, knees, shoulders)",1,3,1,n/a,n/a,2
10001,"Aching joints (such as elbows, knees, shoulders)",1,3,2,n/a,n/a,2
10001,"Aching joints (such as elbows, knees, shoulders)",1,3,3,n/a,n/a,3
10001,"Aching joints (such as elbows, knees, shoulders)",1,3,4,n/a,n/a,3
10001,"Aching joints (such as elbows, knees, shoulders)",1,4,0,n/a,n/a,2
10001,"Aching joints (such as elbows, knees, shoulders)",1,4,1,n/a,n/a,2
10001,"Aching joints (such as elbows, knees, shoulders)",1,4,2,n/a,n/a,3
10001,"Aching joints (such as elbows, knees, shoulders)",1,4,3,n/a,n/a,3
10001,"Aching joints (such as elbows, knees, shoulders)",1,4,4,n/a,n/a,3
10001,"Aching joints (such as elbows, knees, shoulders)",2,0,0,n/a,n/a,1
10001,"Aching joints (such as elbows, knees, shoulders)",2,0,1,n/a,n/a,1
10001,"Aching joints (such as elbows, knees, shoulders)",2,0,2,n/a,n/a,1
10001,"Aching joints (such as elbows, knees, shoulders)",2,0,3,n/a,n/a,2
10001,"Aching joints (such as elbows, knees, shoulders)",2,0,4,n/a,n/a,2
10001,"Aching joints (such as elbows, knees, shoulders)",2,1,0,n/a,n/a,1
10001,"Aching joints (such as elbows, knees, shoulders)",2,1,1,n/a,n/a,1
10001,"Aching joints (such as elbows, knees, shoulders)",2,1,2,n/a,n/a,1
10001,"Aching joints (such as elbows, knees, shoulders)",2,1,3,n/a,n/a,2
10001,"Aching joints (such as elbows, knees, shoulders)",2,1,4,n/a,n/a,2
10001,"Aching joints (such as elbows, knees, shoulders)",2,2,0,n/a,n/a,2
10001,"Aching joints (such as elbows, knees, shoulders)",2,2,1,n/a,n/a,2
10001,"Aching joints (such as elbows, knees, shoulders)",2,2,2,n/a,n/a,2
10001,"Aching joints (such as elbows, knees, shoulders)",2,2,3,n/a,n/a,3
10001,"Aching joints (such as elbows, knees, shoulders)",2,2,4,n/a,n/a,3
10001,"Aching joints (such as elbows, knees, shoulders)",2,3,0,n/a,n/a,2
10001,"Aching joints (such as elbows, knees, shoulders)",2,3,1,n/a,n/a,2
10001,"Aching joints (such as elbows, knees, shoulders)",2,3,2,n/a,n/a,2
10001,"Aching joints (such as elbows, knees, shoulders)",2,3,3,n/a,n/a,3
10001,"Aching joints (such as elbows, knees, shoulders)",2,3,4,n/a,n/a,3
10001,"Aching joints (such as elbows, knees, shoulders)",2,4,0,n/a,n/a,2
10001,"Aching joints (such as elbows, knees, shoulders)",2,4,1,n/a,n/a,3
10001,"Aching joints (such as elbows, knees, shoulders)",2,4,2,n/a,n/a,3
10001,"Aching joints (such as elbows, knees, shoulders)",2,4,3,n/a,n/a,3
10001,"Aching joints (such as elbows, knees, shoulders)",2,4,4,n/a,n/a,3
10001,"Aching joints (such as elbows, knees, shoulders)",3,0,0,n/a,n/a,1
10001,"Aching joints (such as elbows, knees, shoulders)",3,0,1,n/a,n/a,1
10001,"Aching joints (such as elbows, knees, shoulders)",3,0,2,n/a,n/a,1
10001,"Aching joints (such as elbows, knees, shoulders)",3,0,3,n/a,n/a,2
10001,"Aching joints (such as elbows, knees, shoulders)",3,0,4,n/a,n/a,2
10001,"Aching joints (such as elbows, knees, shoulders)",3,1,0,n/a,n/a,1
10001,"Aching joints (such as elbows, knees, shoulders)",3,1,1,n/a,n/a,1
10001,"Aching joints (such as elbows, knees, shoulders)",3,1,2,n/a,n/a,1
10001,"Aching joints (such as elbows, knees, shoulders)",3,1,3,n/a,n/a,2
10001,"Aching joints (such as elbows, knees, shoulders)",3,1,4,n/a,n/a,2
10001,"Aching joints (such as elbows, knees, shoulders)",3,2,0,n/a,n/a,2
10001,"Aching joints (such as elbows, knees, shoulders)",3,2,1,n/a,n/a,2
10001,"Aching joints (such as elbows, knees, shoulders)",3,2,2,n/a,n/a,2
10001,"Aching joints (such as elbows, knees, shoulders)",3,2,3,n/a,n/a,3
10001,"Aching joints (such as elbows, knees, shoulders)",3,2,4,n/a,n/a,3
10001,"Aching joints (such as elbows, knees, shoulders)",3,3,0,n/a,n/a,2
10001,"Aching joints (such as elbows, knees, shoulders)",3,3,1,n/a,n/a,2
10001,"Aching joints (such as elbows, knees, shoulders)",3,3,2,n/a,n/a,3
10001,"Aching joints (such as elbows, knees, shoulders)",3,3,3,n/a,n/a,3
10001,"Aching joints (such as elbows, knees, shoulders)",3,3,4,n/a,n/a,3
10001,"Aching joints (such as elbows, knees, shoulders)",3,4,0,n/a,n/a,2
10001,"Aching joints (such as elbows, knees, shoulders)",3,4,1,n/a,n/a,2
10001,"Aching joints (such as elbows, knees, shoulders)",3,4,2,n/a,n/a,3
10001,"Aching joints (such as elbows, knees, shoulders)",3,4,3,n/a,n/a,3
10001,"Aching joints (such as elbows, knees, shoulders)",3,4,4,n/a,n/a,3
10001,"Aching joints (such as elbows, knees, shoulders)",4,0,0,n/a,n/a,1
10001,"Aching joints (such as elbows, knees, shoulders)",4,0,1,n/a,n/a,1
10001,"Aching joints (such as elbows, knees, shoulders)",4,0,2,n/a,n/a,1
10001,"Aching joints (such as elbows, knees, shoulders)",4,0,3,n/a,n/a,2
10001,"Aching joints (such as elbows, knees, shoulders)",4,0,4,n/a,n/a,2
10001,"Aching joints (such as elbows, knees, shoulders)",4,1,0,n/a,n/a,1
10001,"Aching joints (such as elbows, knees, shoulders)",4,1,1,n/a,n/a,1
10001,"Aching joints (such as elbows, knees, shoulders)",4,1,2,n/a,n/a,1
10001,"Aching joints (such as elbows, knees, shoulders)",4,1,3,n/a,n/a,2
10001,"Aching joints (such as elbows, knees, shoulders)",4,1,4,n/a,n/a,2
10001,"Aching joints (such as elbows, knees, shoulders)",4,2,0,n/a,n/a,2
10001,"Aching joints (such as elbows, knees, shoulders)",4,2,1,n/a,n/a,2
10001,"Aching joints (such as elbows, knees, shoulders)",4,2,2,n/a,n/a,2
10001,"Aching joints (such as elbows, knees, shoulders)",4,2,3,n/a,n/a,3
10001,"Aching joints (such as elbows, knees, shoulders)",4,2,4,n/a,n/a,3
10001,"Aching joints (such as elbows, knees, shoulders)",4,3,0,n/a,n/a,2
10001,"Aching joints (such as elbows, knees, shoulders)",4,3,1,n/a,n/a,2
10001,"Aching joints (such as elbows, knees, shoulders)",4,3,2,n/a,n/a,3
10001,"Aching joints (such as elbows, knees, shoulders)",4,3,3,n/a,n/a,3
10001,"Aching joints (such as elbows, knees, shoulders)",4,3,4,n/a,n/a,3
10001,"Aching joints (such as elbows, knees, shoulders)",4,4,0,n/a,n/a,2
10001,"Aching joints (such as elbows, knees, shoulders)",4,4,1,n/a,n/a,2
10001,"Aching joints (such as elbows, knees, shoulders)",4,4,2,n/a,n/a,3
10001,"Aching joints (such as elbows, knees, shoulders)",4,4,3,n/a,n/a,3
10001,"Aching joints (such as elbows, knees, shoulders)",4,4,4,n/a,n/a,3
10002,Aching muscles,0,0,0,n/a,n/a,0
10002,Aching muscles,1,0,0,n/a,n/a,1
10002,Aching muscles,1,0,1,n/a,n/a,1
10002,Aching muscles,1,0,2,n/a,n/a,1
10002,Aching muscles,1,0,3,n/a,n/a,2
10002,Aching muscles,1,0,4,n/a,n/a,2
10002,Aching muscles,1,1,0,n/a,n/a,1
10002,Aching muscles,1,1,1,n/a,n/a,1
10002,Aching muscles,1,1,2,n/a,n/a,1
10002,Aching muscles,1,1,3,n/a,n/a,2
10002,Aching muscles,1,1,4,n/a,n/a,2
10002,Aching muscles,1,2,0,n/a,n/a,2
10002,Aching muscles,1,2,1,n/a,n/a,2
10002,Aching muscles,1,2,2,n/a,n/a,2
10002,Aching muscles,1,2,3,n/a,n/a,2
10002,Aching muscles,1,2,4,n/a,n/a,3
10002,Aching muscles,1,3,0,n/a,n/a,2
10002,Aching muscles,1,3,1,n/a,n/a,2
10002,Aching muscles,1,3,2,n/a,n/a,2
10002,Aching muscles,1,3,3,n/a,n/a,3
10002,Aching muscles,1,3,4,n/a,n/a,3
10002,Aching muscles,1,4,0,n/a,n/a,2
10002,Aching muscles,1,4,1,n/a,n/a,2
10002,Aching muscles,1,4,2,n/a,n/a,3
10002,Aching muscles,1,4,3,n/a,n/a,3
10002,Aching muscles,1,4,4,n/a,n/a,3
10002,Aching muscles,2,0,0,n/a,n/a,1
10002,Aching muscles,2,0,1,n/a,n/a,1
10002,Aching muscles,2,0,2,n/a,n/a,1
10002,Aching muscles,2,0,3,n/a,n/a,2
10002,Aching muscles,2,0,4,n/a,n/a,2
10002,Aching muscles,2,1,0,n/a,n/a,1
10002,Aching muscles,2,1,1,n/a,n/a,1
10002,Aching muscles,2,1,2,n/a,n/a,1
10002,Aching muscles,2,1,3,n/a,n/a,2
10002,Aching muscles,2,1,4,n/a,n/a,2
10002,Aching muscles,2,2,0,n/a,n/a,2
10002,Aching muscles,2,2,1,n/a,n/a,2
10002,Aching muscles,2,2,2,n/a,n/a,2
10002,Aching muscles,2,2,3,n/a,n/a,3
10002,Aching muscles,2,2,4,n/a,n/a,3
10002,Aching muscles,2,3,0,n/a,n/a,2
10002,Aching muscles,2,3,1,n/a,n/a,2
10002,Aching muscles,2,3,2,n/a,n/a,2
10002,Aching muscles,2,3,3,n/a,n/a,3
10002,Aching muscles,2,3,4,n/a,n/a,3
10002,Aching muscles,2,4,0,n/a,n/a,2
10002,Aching muscles,2,4,1,n/a,n/a,3
10002,Aching muscles,2,4,2,n/a,n/a,3
10002,Aching muscles,2,4,3,n/a,n/a,3
10002,Aching muscles,2,4,4,n/a,n/a,3
10002,Aching muscles,3,0,0,n/a,n/a,1
10002,Aching muscles,3,0,1,n/a,n/a,1
10002,Aching muscles,3,0,2,n/a,n/a,1
10002,Aching muscles,3,0,3,n/a,n/a,2
10002,Aching muscles,3,0,4,n/a,n/a,2
10002,Aching muscles,3,1,0,n/a,n/a,1
10002,Aching muscles,3,1,1,n/a,n/a,1
10002,Aching muscles,3,1,2,n/a,n/a,1
10002,Aching muscles,3,1,3,n/a,n/a,2
10002,Aching muscles,3,1,4,n/a,n/a,2
10002,Aching muscles,3,2,0,n/a,n/a,2
10002,Aching muscles,3,2,1,n/a,n/a,2
10002,Aching muscles,3,2,2,n/a,n/a,2
10002,Aching muscles,3,2,3,n/a,n/a,3
10002,Aching muscles,3,2,4,n/a,n/a,3
10002,Aching muscles,3,3,0,n/a,n/a,2
10002,Aching muscles,3,3,1,n/a,n/a,2
10002,Aching muscles,3,3,2,n/a,n/a,3
10002,Aching muscles,3,3,3,n/a,n/a,3
10002,Aching muscles,3,3,4,n/a,n/a,3
10002,Aching muscles,3,4,0,n/a,n/a,2
10002,Aching muscles,3,4,1,n/a,n/a,2
10002,Aching muscles,3,4,2,n/a,n/a,3
10002,Aching muscles,3,4,3,n/a,n/a,3
10002,Aching muscles,3,4,4,n/a,n/a,3
10002,Aching muscles,4,0,0,n/a,n/a,1
10002,Aching muscles,4,0,1,n/a,n/a,1
10002,Aching muscles,4,0,2,n/a,n/a,1
10002,Aching muscles,4,0,3,n/a,n/a,2
10002,Aching muscles,4,0,4,n/a,n/a,2
10002,Aching muscles,4,1,0,n/a,n/a,1
10002,Aching muscles,4,1,1,n/a,n/a,1
10002,Aching muscles,4,1,2,n/a,n/a,1
10002,Aching muscles,4,1,3,n/a,n/a,2
10002,Aching muscles,4,1,4,n/a,n/a,2
10002,Aching muscles,4,2,0,n/a,n/a,2
10002,Aching muscles,4,2,1,n/a,n/a,2
10002,Aching muscles,4,2,2,n/a,n/a,2
10002,Aching muscles,4,2,3,n/a,n/a,3
10002,Aching muscles,4,2,4,n/a,n/a,3
10002,Aching muscles,4,3,0,n/a,n/a,2
10002,Aching muscles,4,3,1,n/a,n/a,2
10002,Aching muscles,4,3,2,n/a,n/a,3
10002,Aching muscles,4,3,3,n/a,n/a,3
10002,Aching muscles,4,3,4,n/a,n/a,3
10002,Aching muscles,4,4,0,n/a,n/a,2
10002,Aching muscles,4,4,1,n/a,n/a,2
10002,Aching muscles,4,4,2,n/a,n/a,3
10002,Aching muscles,4,4,3,n/a,n/a,3
10002,Aching muscles,4,4,4,n/a,n/a,3
10003,Acne or pimples on the face or chest,n/a,0,n/a,n/a,n/a,0
10003,Acne or pimples on the face or chest,n/a,1,n/a,n/a,n/a,1
10003,Acne or pimples on the face or chest,n/a,2,n/a,n/a,n/a,1
10003,Acne or pimples on the face or chest,n/a,3,n/a,n/a,n/a,2
10003,Acne or pimples on the face or chest,n/a,4,n/a,n/a,n/a,3
10004,Anxiety,0,0,0,n/a,n/a,0
10004,Anxiety,1,0,0,n/a,n/a,1
10004,Anxiety,1,0,1,n/a,n/a,1
10004,Anxiety,1,0,2,n/a,n/a,1
10004,Anxiety,1,0,3,n/a,n/a,2
10004,Anxiety,1,0,4,n/a,n/a,2
10004,Anxiety,1,1,0,n/a,n/a,1
10004,Anxiety,1,1,1,n/a,n/a,1
10004,Anxiety,1,1,2,n/a,n/a,1
10004,Anxiety,1,1,3,n/a,n/a,2
10004,Anxiety,1,1,4,n/a,n/a,2
10004,Anxiety,1,2,0,n/a,n/a,2
10004,Anxiety,1,2,1,n/a,n/a,2
10004,Anxiety,1,2,2,n/a,n/a,2
10004,Anxiety,1,2,3,n/a,n/a,2
10004,Anxiety,1,2,4,n/a,n/a,3
10004,Anxiety,1,3,0,n/a,n/a,2
10004,Anxiety,1,3,1,n/a,n/a,2
10004,Anxiety,1,3,2,n/a,n/a,2
10004,Anxiety,1,3,3,n/a,n/a,3
10004,Anxiety,1,3,4,n/a,n/a,3
10004,Anxiety,1,4,0,n/a,n/a,2
10004,Anxiety,1,4,1,n/a,n/a,2
10004,Anxiety,1,4,2,n/a,n/a,3
10004,Anxiety,1,4,3,n/a,n/a,3
10004,Anxiety,1,4,4,n/a,n/a,3
10004,Anxiety,2,0,0,n/a,n/a,1
10004,Anxiety,2,0,1,n/a,n/a,1
10004,Anxiety,2,0,2,n/a,n/a,1
10004,Anxiety,2,0,3,n/a,n/a,2
10004,Anxiety,2,0,4,n/a,n/a,2
10004,Anxiety,2,1,0,n/a,n/a,1
10004,Anxiety,2,1,1,n/a,n/a,1
10004,Anxiety,2,1,2,n/a,n/a,1
10004,Anxiety,2,1,3,n/a,n/a,2
10004,Anxiety,2,1,4,n/a,n/a,2
10004,Anxiety,2,2,0,n/a,n/a,2
10004,Anxiety,2,2,1,n/a,n/a,2
10004,Anxiety,2,2,2,n/a,n/a,2
10004,Anxiety,2,2,3,n/a,n/a,3
10004,Anxiety,2,2,4,n/a,n/a,3
10004,Anxiety,2,3,0,n/a,n/a,2
10004,Anxiety,2,3,1,n/a,n/a,2
10004,Anxiety,2,3,2,n/a,n/a,2
10004,Anxiety,2,3,3,n/a,n/a,3
10004,Anxiety,2,3,4,n/a,n/a,3
10004,Anxiety,2,4,0,n/a,n/a,2
10004,Anxiety,2,4,1,n/a,n/a,3
10004,Anxiety,2,4,2,n/a,n/a,3
10004,Anxiety,2,4,3,n/a,n/a,3
10004,Anxiety,2,4,4,n/a,n/a,3
10004,Anxiety,3,0,0,n/a,n/a,1
10004,Anxiety,3,0,1,n/a,n/a,1
10004,Anxiety,3,0,2,n/a,n/a,1
10004,Anxiety,3,0,3,n/a,n/a,2
10004,Anxiety,3,0,4,n/a,n/a,2
10004,Anxiety,3,1,0,n/a,n/a,1
10004,Anxiety,3,1,1,n/a,n/a,1
10004,Anxiety,3,1,2,n/a,n/a,1
10004,Anxiety,3,1,3,n/a,n/a,2
10004,Anxiety,3,1,4,n/a,n/a,2
10004,Anxiety,3,2,0,n/a,n/a,2
10004,Anxiety,3,2,1,n/a,n/a,2
10004,Anxiety,3,2,2,n/a,n/a,2
10004,Anxiety,3,2,3,n/a,n/a,3
10004,Anxiety,3,2,4,n/a,n/a,3
10004,Anxiety,3,3,0,n/a,n/a,2
10004,Anxiety,3,3,1,n/a,n/a,2
10004,Anxiety,3,3,2,n/a,n/a,3
10004,Anxiety,3,3,3,n/a,n/a,3
10004,Anxiety,3,3,4,n/a,n/a,3
10004,Anxiety,3,4,0,n/a,n/a,2
10004,Anxiety,3,4,1,n/a,n/a,2
10004,Anxiety,3,4,2,n/a,n/a,3
10004,Anxiety,3,4,3,n/a,n/a,3
10004,Anxiety,3,4,4,n/a,n/a,3
10004,Anxiety,4,0,0,n/a,n/a,1
10004,Anxiety,4,0,1,n/a,n/a,1
10004,Anxiety,4,0,2,n/a,n/a,1
10004,Anxiety,4,0,3,n/a,n/a,2
10004,Anxiety,4,0,4,n/a,n/a,2
10004,Anxiety,4,1,0,n/a,n/a,1
10004,Anxiety,4,1,1,n/a,n/a,1
10004,Anxiety,4,1,2,n/a,n/a,1
10004,Anxiety,4,1,3,n/a,n/a,2
10004,Anxiety,4,1,4,n/a,n/a,2
10004,Anxiety,4,2,0,n/a,n/a,2
10004,Anxiety,4,2,1,n/a,n/a,2
10004,Anxiety,4,2,2,n/a,n/a,2
10004,Anxiety,4,2,3,n/a,n/a,3
10004,Anxiety,4,2,4,n/a,n/a,3
10004,Anxiety,4,3,0,n/a,n/a,2
10004,Anxiety,4,3,1,n/a,n/a,2
10004,Anxiety,4,3,2,n/a,n/a,3
10004,Anxiety,4,3,3,n/a,n/a,3
10004,Anxiety,4,3,4,n/a,n/a,3
10004,Anxiety,4,4,0,n/a,n/a,2
10004,Anxiety,4,4,1,n/a,n/a,2
10004,Anxiety,4,4,2,n/a,n/a,3
10004,Anxiety,4,4,3,n/a,n/a,3
10004,Anxiety,4,4,4,n/a,n/a,3
10005,Arm or leg swelling,0,0,0,n/a,n/a,0
10005,Arm or leg swelling,1,0,0,n/a,n/a,1
10005,Arm or leg swelling,1,0,1,n/a,n/a,1
10005,Arm or leg swelling,1,0,2,n/a,n/a,1
10005,Arm or leg swelling,1,0,3,n/a,n/a,2
10005,Arm or leg swelling,1,0,4,n/a,n/a,2
10005,Arm or leg swelling,1,1,0,n/a,n/a,1
10005,Arm or leg swelling,1,1,1,n/a,n/a,1
10005,Arm or leg swelling,1,1,2,n/a,n/a,1
10005,Arm or leg swelling,1,1,3,n/a,n/a,2
10005,Arm or leg swelling,1,1,4,n/a,n/a,2
10005,Arm or leg swelling,1,2,0,n/a,n/a,2
10005,Arm or leg swelling,1,2,1,n/a,n/a,2
10005,Arm or leg swelling,1,2,2,n/a,n/a,2
10005,Arm or leg swelling,1,2,3,n/a,n/a,2
10005,Arm or leg swelling,1,2,4,n/a,n/a,3
10005,Arm or leg swelling,1,3,0,n/a,n/a,2
10005,Arm or leg swelling,1,3,1,n/a,n/a,2
10005,Arm or leg swelling,1,3,2,n/a,n/a,2
10005,Arm or leg swelling,1,3,3,n/a,n/a,3
10005,Arm or leg swelling,1,3,4,n/a,n/a,3
10005,Arm or leg swelling,1,4,0,n/a,n/a,2
10005,Arm or leg swelling,1,4,1,n/a,n/a,2
10005,Arm or leg swelling,1,4,2,n/a,n/a,3
10005,Arm or leg swelling,1,4,3,n/a,n/a,3
10005,Arm or leg swelling,1,4,4,n/a,n/a,3
10005,Arm or leg swelling,2,0,0,n/a,n/a,1
10005,Arm or leg swelling,2,0,1,n/a,n/a,1
10005,Arm or leg swelling,2,0,2,n/a,n/a,1
10005,Arm or leg swelling,2,0,3,n/a,n/a,2
10005,Arm or leg swelling,2,0,4,n/a,n/a,2
10005,Arm or leg swelling,2,1,0,n/a,n/a,1
10005,Arm or leg swelling,2,1,1,n/a,n/a,1
10005,Arm or leg swelling,2,1,2,n/a,n/a,1
10005,Arm or leg swelling,2,1,3,n/a,n/a,2
10005,Arm or leg swelling,2,1,4,n/a,n/a,2
10005,Arm or leg swelling,2,2,0,n/a,n/a,2
10005,Arm or leg swelling,2,2,1,n/a,n/a,2
10005,Arm or leg swelling,2,2,2,n/a,n/a,2
10005,Arm or leg swelling,2,2,3,n/a,n/a,3
10005,Arm or leg swelling,2,2,4,n/a,n/a,3
10005,Arm or leg swelling,2,3,0,n/a,n/a,2
10005,Arm or leg swelling,2,3,1,n/a,n/a,2
10005,Arm or leg swelling,2,3,2,n/a,n/a,2
10005,Arm or leg swelling,2,3,3,n/a,n/a,3
10005,Arm or leg swelling,2,3,4,n/a,n/a,3
10005,Arm or leg swelling,2,4,0,n/a,n/a,2
10005,Arm or leg swelling,2,4,1,n/a,n/a,3
10005,Arm or leg swelling,2,4,2,n/a,n/a,3
10005,Arm or leg swelling,2,4,3,n/a,n/a,3
10005,Arm or leg swelling,2,4,4,n/a,n/a,3
10005,Arm or leg swelling,3,0,0,n/a,n/a,1
10005,Arm or leg swelling,3,0,1,n/a,n/a,1
10005,Arm or leg swelling,3,0,2,n/a,n/a,1
10005,Arm or leg swelling,3,0,3,n/a,n/a,2
10005,Arm or leg swelling,3,0,4,n/a,n/a,2
10005,Arm or leg swelling,3,1,0,n/a,n/a,1
10005,Arm or leg swelling,3,1,1,n/a,n/a,1
10005,Arm or leg swelling,3,1,2,n/a,n/a,1
10005,Arm or leg swelling,3,1,3,n/a,n/a,2
10005,Arm or leg swelling,3,1,4,n/a,n/a,2
10005,Arm or leg swelling,3,2,0,n/a,n/a,2
10005,Arm or leg swelling,3,2,1,n/a,n/a,2
10005,Arm or leg swelling,3,2,2,n/a,n/a,2
10005,Arm or leg swelling,3,2,3,n/a,n/a,3
10005,Arm or leg swelling,3,2,4,n/a,n/a,3
10005,Arm or leg swelling,3,3,0,n/a,n/a,2
10005,Arm or leg swelling,3,3,1,n/a,n/a,2
10005,Arm or leg swelling,3,3,2,n/a,n/a,3
10005,Arm or leg swelling,3,3,3,n/a,n/a,3
10005,Arm or leg swelling,3,3,4,n/a,n/a,3
10005,Arm or leg swelling,3,4,0,n/a,n/a,2
10005,Arm or leg swelling,3,4,1,n/a,n/a,2
10005,Arm or leg swelling,3,4,2,n/a,n/a,3
10005,Arm or leg swelling,3,4,3,n/a,n/a,3
10005,Arm or leg swelling,3,4,4,n/a,n/a,3
10005,Arm or leg swelling,4,0,0,n/a,n/a,1
10005,Arm or leg swelling,4,0,1,n/a,n/a,1
10005,Arm or leg swelling,4,0,2,n/a,n/a,1
10005,Arm or leg swelling,4,0,3,n/a,n/a,2
10005,Arm or leg swelling,4,0,4,n/a,n/a,2
10005,Arm or leg swelling,4,1,0,n/a,n/a,1
10005,Arm or leg swelling,4,1,1,n/a,n/a,1
10005,Arm or leg swelling,4,1,2,n/a,n/a,1
10005,Arm or leg swelling,4,1,3,n/a,n/a,2
10005,Arm or leg swelling,4,1,4,n/a,n/a,2
10005,Arm or leg swelling,4,2,0,n/a,n/a,2
10005,Arm or leg swelling,4,2,1,n/a,n/a,2
10005,Arm or leg swelling,4,2,2,n/a,n/a,2
10005,Arm or leg swelling,4,2,3,n/a,n/a,3
10005,Arm or leg swelling,4,2,4,n/a,n/a,3
10005,Arm or leg swelling,4,3,0,n/a,n/a,2
10005,Arm or leg swelling,4,3,1,n/a,n/a,2
10005,Arm or leg swelling,4,3,2,n/a,n/a,3
10005,Arm or leg swelling,4,3,3,n/a,n/a,3
10005,Arm or leg swelling,4,3,4,n/a,n/a,3
10005,Arm or leg swelling,4,4,0,n/a,n/a,2
10005,Arm or leg swelling,4,4,1,n/a,n/a,2
10005,Arm or leg swelling,4,4,2,n/a,n/a,3
10005,Arm or leg swelling,4,4,3,n/a,n/a,3
10005,Arm or leg swelling,4,4,4,n/a,n/a,3
10006,Bed sores,n/a,n/a,n/a,n/a,0,0
10006,Bed sores,n/a,n/a,n/a,n/a,1,"Present, Clinician Assess"
10007,Bloating of the abdomen (belly),0,0,n/a,n/a,n/a,0
10007,Bloating of the abdomen (belly),1,0,n/a,n/a,n/a,1
10007,Bloating of the abdomen (belly),1,1,n/a,n/a,n/a,1
10007,Bloating of the abdomen (belly),1,2,n/a,n/a,n/a,1
10007,Bloating of the abdomen (belly),1,3,n/a,n/a,n/a,2
10007,Bloating of the abdomen (belly),1,4,n/a,n/a,n/a,2
10007,Bloating of the abdomen (belly),2,0,n/a,n/a,n/a,1
10007,Bloating of the abdomen (belly),2,1,n/a,n/a,n/a,1
10007,Bloating of the abdomen (belly),2,2,n/a,n/a,n/a,1
10007,Bloating of the abdomen (belly),2,3,n/a,n/a,n/a,2
10007,Bloating of the abdomen (belly),2,4,n/a,n/a,n/a,2
10007,Bloating of the abdomen (belly),3,0,n/a,n/a,n/a,1
10007,Bloating of the abdomen (belly),3,1,n/a,n/a,n/a,1
10007,Bloating of the abdomen (belly),3,2,n/a,n/a,n/a,2
10007,Bloating of the abdomen (belly),3,3,n/a,n/a,n/a,2
10007,Bloating of the abdomen (belly),3,4,n/a,n/a,n/a,2
10007,Bloating of the abdomen (belly),4,0,n/a,n/a,n/a,1
10007,Bloating of the abdomen (belly),4,1,n/a,n/a,n/a,1
10007,Bloating of the abdomen (belly),4,2,n/a,n/a,n/a,2
10007,Bloating of the abdomen (belly),4,3,n/a,n/a,n/a,2
10007,Bloating of the abdomen (belly),4,4,n/a,n/a,n/a,2
10008,Blurry vision,n/a,0,0,n/a,n/a,0
10008,Blurry vision,n/a,1,0,n/a,n/a,1
10008,Blurry vision,n/a,1,1,n/a,n/a,1
10008,Blurry vision,n/a,1,2,n/a,n/a,1
10008,Blurry vision,n/a,1,3,n/a,n/a,2
10008,Blurry vision,n/a,1,4,n/a,n/a,2
10008,Blurry vision,n/a,2,0,n/a,n/a,1
10008,Blurry vision,n/a,2,1,n/a,n/a,1
10008,Blurry vision,n/a,2,2,n/a,n/a,1
10008,Blurry vision,n/a,2,3,n/a,n/a,2
10008,Blurry vision,n/a,2,4,n/a,n/a,2
10008,Blurry vision,n/a,3,0,n/a,n/a,1
10008,Blurry vision,n/a,3,1,n/a,n/a,2
10008,Blurry vision,n/a,3,2,n/a,n/a,2
10008,Blurry vision,n/a,3,3,n/a,n/a,2
10008,Blurry vision,n/a,3,4,n/a,n/a,3
10008,Blurry vision,n/a,4,0,n/a,n/a,2
10008,Blurry vision,n/a,4,1,n/a,n/a,2
10008,Blurry vision,n/a,4,2,n/a,n/a,2
10008,Blurry vision,n/a,4,3,n/a,n/a,3
10008,Blurry vision,n/a,4,4,n/a,n/a,3
10009,Body odor,n/a,0,n/a,n/a,n/a,0
10009,Body odor,n/a,1,n/a,n/a,n/a,1
10009,Body odor,n/a,2,n/a,n/a,n/a,1
10009,Body odor,n/a,3,n/a,n/a,n/a,2
10009,Body odor,n/a,4,n/a,n/a,n/a,2
10010,Breast area enlargement or tenderness,n/a,0,n/a,n/a,n/a,0
10010,Breast area enlargement or tenderness,n/a,1,n/a,n/a,n/a,1
10010,Breast area enlargement or tenderness,n/a,2,n/a,n/a,n/a,1
10010,Breast area enlargement or tenderness,n/a,3,n/a,n/a,n/a,2
10010,Breast area enlargement or tenderness,n/a,4,n/a,n/a,n/a,3
10011,Bruise easily (black and blue marks),n/a,n/a,n/a,n/a,0,0
10011,Bruise easily (black and blue marks),n/a,n/a,n/a,n/a,1,"Present, Clinician Assess"
10012,Change in the color of your fingernails or toenails,n/a,n/a,n/a,n/a,0,0
10012,Change in the color of your fingernails or toenails,n/a,n/a,n/a,n/a,1,1
10013,Constipation,n/a,0,n/a,n/a,n/a,0
10013,Constipation,n/a,1,n/a,n/a,n/a,1
10013,Constipation,n/a,2,n/a,n/a,n/a,1
10013,Constipation,n/a,3,n/a,n/a,n/a,2
10013,Constipation,n/a,4,n/a,n/a,n/a,3
10014,Cough,n/a,0,0,n/a,n/a,0
10014,Cough,n/a,1,0,n/a,n/a,1
10014,Cough,n/a,1,1,n/a,n/a,1
10014,Cough,n/a,1,2,n/a,n/a,1
10014,Cough,n/a,1,3,n/a,n/a,2
10014,Cough,n/a,1,4,n/a,n/a,2
10014,Cough,n/a,2,0,n/a,n/a,1
10014,Cough,n/a,2,1,n/a,n/a,1
10014,Cough,n/a,2,2,n/a,n/a,1
10014,Cough,n/a,2,3,n/a,n/a,2
10014,Cough,n/a,2,4,n/a,n/a,2
10014,Cough,n/a,3,0,n/a,n/a,1
10014,Cough,n/a,3,1,n/a,n/a,2
10014,Cough,n/a,3,2,n/a,n/a,2
10014,Cough,n/a,3,3,n/a,n/a,2
10014,Cough,n/a,3,4,n/a,n/a,3
10014,Cough,n/a,4,0,n/a,n/a,2
10014,Cough,n/a,4,1,n/a,n/a,2
10014,Cough,n/a,4,2,n/a,n/a,2
10014,Cough,n/a,4,3,n/a,n/a,3
10014,Cough,n/a,4,4,n/a,n/a,3
10015,Decreased appetite,n/a,0,0,n/a,n/a,0
10015,Decreased appetite,n/a,1,0,n/a,n/a,1
10015,Decreased appetite,n/a,1,1,n/a,n/a,1
10015,Decreased appetite,n/a,1,2,n/a,n/a,1
10015,Decreased appetite,n/a,1,3,n/a,n/a,2
10015,Decreased appetite,n/a,1,4,n/a,n/a,2
10015,Decreased appetite,n/a,2,0,n/a,n/a,1
10015,Decreased appetite,n/a,2,1,n/a,n/a,1
10015,Decreased appetite,n/a,2,2,n/a,n/a,1
10015,Decreased appetite,n/a,2,3,n/a,n/a,2
10015,Decreased appetite,n/a,2,4,n/a,n/a,2
10015,Decreased appetite,n/a,3,0,n/a,n/a,1
10015,Decreased appetite,n/a,3,1,n/a,n/a,2
10015,Decreased appetite,n/a,3,2,n/a,n/a,2
10015,Decreased appetite,n/a,3,3,n/a,n/a,2
10015,Decreased appetite,n/a,3,4,n/a,n/a,3
10015,Decreased appetite,n/a,4,0,n/a,n/a,2
10015,Decreased appetite,n/a,4,1,n/a,n/a,2
10015,Decreased appetite,n/a,4,2,n/a,n/a,2
10015,Decreased appetite,n/a,4,3,n/a,n/a,3
10015,Decreased appetite,n/a,4,4,n/a,n/a,3
10016,Decreased sexual interest,n/a,0,n/a,n/a,n/a,0
10016,Decreased sexual interest,n/a,1,n/a,n/a,n/a,1
10016,Decreased sexual interest,n/a,2,n/a,n/a,n/a,1
10016,Decreased sexual interest,n/a,3,n/a,n/a,n/a,2
10016,Decreased sexual interest,n/a,4,n/a,n/a,n/a,2
10018,Difficulty getting or keeping an erection,n/a,0,n/a,n/a,n/a,0
10018,Difficulty getting or keeping an erection,n/a,1,n/a,n/a,n/a,1
10018,Difficulty getting or keeping an erection,n/a,2,n/a,n/a,n/a,1
10018,Difficulty getting or keeping an erection,n/a,3,n/a,n/a,n/a,2
10018,Difficulty getting or keeping an erection,n/a,4,n/a,n/a,n/a,3
10019,Difficulty swallowing,n/a,0,n/a,n/a,n/a,0
10019,Difficulty swallowing,n/a,1,n/a,n/a,n/a,1
10019,Difficulty swallowing,n/a,2,n/a,n/a,n/a,1
10019,Difficulty swallowing,n/a,3,n/a,n/a,n/a,2
10019,Difficulty swallowing,n/a,4,n/a,n/a,n/a,3
10020,Dizziness,n/a,0,0,n/a,n/a,0
10020,Dizziness,n/a,1,0,n/a,n/a,1
10020,Dizziness,n/a,1,1,n/a,n/a,1
10020,Dizziness,n/a,1,2,n/a,n/a,1
10020,Dizziness,n/a,1,3,n/a,n/a,2
10020,Dizziness,n/a,1,4,n/a,n/a,2
10020,Dizziness,n/a,2,0,n/a,n/a,1
10020,Dizziness,n/a,2,1,n/a,n/a,1
10020,Dizziness,n/a,2,2,n/a,n/a,1
10020,Dizziness,n/a,2,3,n/a,n/a,2
10020,Dizziness,n/a,2,4,n/a,n/a,2
10020,Dizziness,n/a,3,0,n/a,n/a,1
10020,Dizziness,n/a,3,1,n/a,n/a,2
10020,Dizziness,n/a,3,2,n/a,n/a,2
10020,Dizziness,n/a,3,3,n/a,n/a,2
10020,Dizziness,n/a,3,4,n/a,n/a,3
10020,Dizziness,n/a,4,0,n/a,n/a,2
10020,Dizziness,n/a,4,1,n/a,n/a,2
10020,Dizziness,n/a,4,2,n/a,n/a,2
10020,Dizziness,n/a,4,3,n/a,n/a,3
10020,Dizziness,n/a,4,4,n/a,n/a,3
10021,Dry mouth,n/a,0,n/a,n/a,n/a,0
10021,Dry mouth,n/a,1,n/a,n/a,n/a,1
10021,Dry mouth,n/a,2,n/a,n/a,n/a,1
10021,Dry mouth,n/a,3,n/a,n/a,n/a,2
10021,Dry mouth,n/a,4,n/a,n/a,n/a,3
10022,Dry skin,n/a,0,n/a,n/a,n/a,0
10022,Dry skin,n/a,1,n/a,n/a,n/a,1
10022,Dry skin,n/a,2,n/a,n/a,n/a,1
10022,Dry skin,n/a,3,n/a,n/a,n/a,2
10022,Dry skin,n/a,4,n/a,n/a,n/a,3
10023,Ejaculation problems,0,n/a,n/a,n/a,n/a,0
10023,Ejaculation problems,1,n/a,n/a,n/a,n/a,1
10023,Ejaculation problems,2,n/a,n/a,n/a,n/a,1
10023,Ejaculation problems,3,n/a,n/a,n/a,n/a,2
10023,Ejaculation problems,4,n/a,n/a,n/a,n/a,2
10024,"Fatigue, tiredness, or lack of energy",n/a,0,0,n/a,n/a,0
10024,"Fatigue, tiredness, or lack of energy",n/a,1,0,n/a,n/a,1
10024,"Fatigue, tiredness, or lack of energy",n/a,1,1,n/a,n/a,1
10024,"Fatigue, tiredness, or lack of energy",n/a,1,2,n/a,n/a,1
10024,"Fatigue, tiredness, or lack of energy",n/a,1,3,n/a,n/a,2
10024,"Fatigue, tiredness, or lack of energy",n/a,1,4,n/a,n/a,2
10024,"Fatigue, tiredness, or lack of energy",n/a,2,0,n/a,n/a,1
10024,"Fatigue, tiredness, or lack of energy",n/a,2,1,n/a,n/a,1
10024,"Fatigue, tiredness, or lack of energy",n/a,2,2,n/a,n/a,1
10024,"Fatigue, tiredness, or lack of energy",n/a,2,3,n/a,n/a,2
10024,"Fatigue, tiredness, or lack of energy",n/a,2,4,n/a,n/a,2
10024,"Fatigue, tiredness, or lack of energy",n/a,3,0,n/a,n/a,1
10024,"Fatigue, tiredness, or lack of energy",n/a,3,1,n/a,n/a,2
10024,"Fatigue, tiredness, or lack of energy",n/a,3,2,n/a,n/a,2
10024,"Fatigue, tiredness, or lack of energy",n/a,3,3,n/a,n/a,2
10024,"Fatigue, tiredness, or lack of energy",n/a,3,4,n/a,n/a,3
10024,"Fatigue, tiredness, or lack of energy",n/a,4,0,n/a,n/a,2
10024,"Fatigue, tiredness, or lack of energy",n/a,4,1,n/a,n/a,2
10024,"Fatigue, tiredness, or lack of energy",n/a,4,2,n/a,n/a,2
10024,"Fatigue, tiredness, or lack of energy",n/a,4,3,n/a,n/a,3
10024,"Fatigue, tiredness, or lack of energy",n/a,4,4,n/a,n/a,3
10025,Feelings that nothing could cheer you up,0,0,0,n/a,n/a,0
10025,Feelings that nothing could cheer you up,1,0,0,n/a,n/a,1
10025,Feelings that nothing could cheer you up,1,0,1,n/a,n/a,1
10025,Feelings that nothing could cheer you up,1,0,2,n/a,n/a,1
10025,Feelings that nothing could cheer you up,1,0,3,n/a,n/a,2
10025,Feelings that nothing could cheer you up,1,0,4,n/a,n/a,2
10025,Feelings that nothing could cheer you up,1,1,0,n/a,n/a,1
10025,Feelings that nothing could cheer you up,1,1,1,n/a,n/a,1
10025,Feelings that nothing could cheer you up,1,1,2,n/a,n/a,1
10025,Feelings that nothing could cheer you up,1,1,3,n/a,n/a,2
10025,Feelings that nothing could cheer you up,1,1,4,n/a,n/a,2
10025,Feelings that nothing could cheer you up,1,2,0,n/a,n/a,2
10025,Feelings that nothing could cheer you up,1,2,1,n/a,n/a,2
10025,Feelings that nothing could cheer you up,1,2,2,n/a,n/a,2
10025,Feelings that nothing could cheer you up,1,2,3,n/a,n/a,2
10025,Feelings that nothing could cheer you up,1,2,4,n/a,n/a,3
10025,Feelings that nothing could cheer you up,1,3,0,n/a,n/a,2
10025,Feelings that nothing could cheer you up,1,3,1,n/a,n/a,2
10025,Feelings that nothing could cheer you up,1,3,2,n/a,n/a,2
10025,Feelings that nothing could cheer you up,1,3,3,n/a,n/a,3
10025,Feelings that nothing could cheer you up,1,3,4,n/a,n/a,3
10025,Feelings that nothing could cheer you up,1,4,0,n/a,n/a,2
10025,Feelings that nothing could cheer you up,1,4,1,n/a,n/a,2
10025,Feelings that nothing could cheer you up,1,4,2,n/a,n/a,3
10025,Feelings that nothing could cheer you up,1,4,3,n/a,n/a,3
10025,Feelings that nothing could cheer you up,1,4,4,n/a,n/a,3
10025,Feelings that nothing could cheer you up,2,0,0,n/a,n/a,1
10025,Feelings that nothing could cheer you up,2,0,1,n/a,n/a,1
10025,Feelings that nothing could cheer you up,2,0,2,n/a,n/a,1
10025,Feelings that nothing could cheer you up,2,0,3,n/a,n/a,2
10025,Feelings that nothing could cheer you up,2,0,4,n/a,n/a,2
10025,Feelings that nothing could cheer you up,2,1,0,n/a,n/a,1
10025,Feelings that nothing could cheer you up,2,1,1,n/a,n/a,1
10025,Feelings that nothing could cheer you up,2,1,2,n/a,n/a,1
10025,Feelings that nothing could cheer you up,2,1,3,n/a,n/a,2
10025,Feelings that nothing could cheer you up,2,1,4,n/a,n/a,2
10025,Feelings that nothing could cheer you up,2,2,0,n/a,n/a,2
10025,Feelings that nothing could cheer you up,2,2,1,n/a,n/a,2
10025,Feelings that nothing could cheer you up,2,2,2,n/a,n/a,2
10025,Feelings that nothing could cheer you up,2,2,3,n/a,n/a,3
10025,Feelings that nothing could cheer you up,2,2,4,n/a,n/a,3
10025,Feelings that nothing could cheer you up,2,3,0,n/a,n/a,2
10025,Feelings that nothing could cheer you up,2,3,1,n/a,n/a,2
10025,Feelings that nothing could cheer you up,2,3,2,n/a,n/a,2
10025,Feelings that nothing could cheer you up,2,3,3,n/a,n/a,3
10025,Feelings that nothing could cheer you up,2,3,4,n/a,n/a,3
10025,Feelings that nothing could cheer you up,2,4,0,n/a,n/a,2
10025,Feelings that nothing could cheer you up,2,4,1,n/a,n/a,3
10025,Feelings that nothing could cheer you up,2,4,2,n/a,n/a,3
10025,Feelings that nothing could cheer you up,2,4,3,n/a,n/a,3
10025,Feelings that nothing could cheer you up,2,4,4,n/a,n/a,3
10025,Feelings that nothing could cheer you up,3,0,0,n/a,n/a,1
10025,Feelings that nothing could cheer you up,3,0,1,n/a,n/a,1
10025,Feelings that nothing could cheer you up,3,0,2,n/a,n/a,1
10025,Feelings that nothing could cheer you up,3,0,3,n/a,n/a,2
10025,Feelings that nothing could cheer you up,3,0,4,n/a,n/a,2
10025,Feelings that nothing could cheer you up,3,1,0,n/a,n/a,1
10025,Feelings that nothing could cheer you up,3,1,1,n/a,n/a,1
10025,Feelings that nothing could cheer you up,3,1,2,n/a,n/a,1
10025,Feelings that nothing could cheer you up,3,1,3,n/a,n/a,2
10025,Feelings that nothing could cheer you up,3,1,4,n/a,n/a,2
10025,Feelings that nothing could cheer you up,3,2,0,n/a,n/a,2
10025,Feelings that nothing could cheer you up,3,2,1,n/a,n/a,2
10025,Feelings that nothing could cheer you up,3,2,2,n/a,n/a,2
10025,Feelings that nothing could cheer you up,3,2,3,n/a,n/a,3
10025,Feelings that nothing could cheer you up,3,2,4,n/a,n/a,3
10025,Feelings that nothing could cheer you up,3,3,0,n/a,n/a,2
10025,Feelings that nothing could cheer you up,3,3,1,n/a,n/a,2
10025,Feelings that nothing could cheer you up,3,3,2,n/a,n/a,3
10025,Feelings that nothing could cheer you up,3,3,3,n/a,n/a,3
10025,Feelings that nothing could cheer you up,3,3,4,n/a,n/a,3
10025,Feelings that nothing could cheer you up,3,4,0,n/a,n/a,2
10025,Feelings that nothing could cheer you up,3,4,1,n/a,n/a,2
10025,Feelings that nothing could cheer you up,3,4,2,n/a,n/a,3
10025,Feelings that nothing could cheer you up,3,4,3,n/a,n/a,3
10025,Feelings that nothing could cheer you up,3,4,4,n/a,n/a,3
10025,Feelings that nothing could cheer you up,4,0,0,n/a,n/a,1
10025,Feelings that nothing could cheer you up,4,0,1,n/a,n/a,1
10025,Feelings that nothing could cheer you up,4,0,2,n/a,n/a,1
10025,Feelings that nothing could cheer you up,4,0,3,n/a,n/a,2
10025,Feelings that nothing could cheer you up,4,0,4,n/a,n/a,2
10025,Feelings that nothing could cheer you up,4,1,0,n/a,n/a,1
10025,Feelings that nothing could cheer you up,4,1,1,n/a,n/a,1
10025,Feelings that nothing could cheer you up,4,1,2,n/a,n/a,1
10025,Feelings that nothing could cheer you up,4,1,3,n/a,n/a,2
10025,Feelings that nothing could cheer you up,4,1,4,n/a,n/a,2
10025,Feelings that nothing could cheer you up,4,2,0,n/a,n/a,2
10025,Feelings that nothing could cheer you up,4,2,1,n/a,n/a,2
10025,Feelings that nothing could cheer you up,4,2,2,n/a,n/a,2
10025,Feelings that nothing could cheer you up,4,2,3,n/a,n/a,3
10025,Feelings that nothing could cheer you up,4,2,4,n/a,n/a,3
10025,Feelings that nothing could cheer you up,4,3,0,n/a,n/a,2
10025,Feelings that nothing could cheer you up,4,3,1,n/a,n/a,2
10025,Feelings that nothing could cheer you up,4,3,2,n/a,n/a,3
10025,Feelings that nothing could cheer you up,4,3,3,n/a,n/a,3
10025,Feelings that nothing could cheer you up,4,3,4,n/a,n/a,3
10025,Feelings that nothing could cheer you up,4,4,0,n/a,n/a,2
10025,Feelings that nothing could cheer you up,4,4,1,n/a,n/a,2
10025,Feelings that nothing could cheer you up,4,4,2,n/a,n/a,3
10025,Feelings that nothing could cheer you up,4,4,3,n/a,n/a,3
10025,Feelings that nothing could cheer you up,4,4,4,n/a,n/a,3
10026,Flashing lights in front of your eyes,n/a,n/a,n/a,n/a,0,0
10026,Flashing lights in front of your eyes,n/a,n/a,n/a,n/a,1,"Present, Clinician Assess"
10027,Frequent urination,0,n/a,0,n/a,n/a,0
10027,Frequent urination,1,n/a,0,n/a,n/a,1
10027,Frequent urination,1,n/a,1,n/a,n/a,1
10027,Frequent urination,1,n/a,2,n/a,n/a,1
10027,Frequent urination,1,n/a,3,n/a,n/a,2
10027,Frequent urination,1,n/a,4,n/a,n/a,2
10027,Frequent urination,2,n/a,0,n/a,n/a,1
10027,Frequent urination,2,n/a,1,n/a,n/a,1
10027,Frequent urination,2,n/a,2,n/a,n/a,1
10027,Frequent urination,2,n/a,3,n/a,n/a,2
10027,Frequent urination,2,n/a,4,n/a,n/a,2
10027,Frequent urination,3,n/a,0,n/a,n/a,1
10027,Frequent urination,3,n/a,1,n/a,n/a,1
10027,Frequent urination,3,n/a,2,n/a,n/a,2
10027,Frequent urination,3,n/a,3,n/a,n/a,2
10027,Frequent urination,3,n/a,4,n/a,n/a,2
10027,Frequent urination,4,n/a,0,n/a,n/a,1
10027,Frequent urination,4,n/a,1,n/a,n/a,1
10027,Frequent urination,4,n/a,2,n/a,n/a,2
10027,Frequent urination,4,n/a,3,n/a,n/a,2
10027,Frequent urination,4,n/a,4,n/a,n/a,2
10028,Hair loss,n/a,n/a,n/a,0,n/a,0
10028,Hair loss,n/a,n/a,n/a,1,n/a,1
10028,Hair loss,n/a,n/a,n/a,2,n/a,1
10028,Hair loss,n/a,n/a,n/a,3,n/a,2
10028,Hair loss,n/a,n/a,n/a,4,n/a,2
10029,"Hand-foot syndrome (a rash of the hands or feet that can cause cracking, peeling, redness, or pain)",n/a,0,n/a,n/a,n/a,0
10029,"Hand-foot syndrome (a rash of the hands or feet that can cause cracking, peeling, redness, or pain)",n/a,1,n/a,n/a,n/a,1
10029,"Hand-foot syndrome (a rash of the hands or feet that can cause cracking, peeling, redness, or pain)",n/a,2,n/a,n/a,n/a,1
10029,"Hand-foot syndrome (a rash of the hands or feet that can cause cracking, peeling, redness, or pain)",n/a,3,n/a,n/a,n/a,2
10029,"Hand-foot syndrome (a rash of the hands or feet that can cause cracking, peeling, redness, or pain)",n/a,4,n/a,n/a,n/a,3
10081,Headache,0,0,0,n/a,n/a,0
10081,Headache,1,0,0,n/a,n/a,1
10081,Headache,1,0,1,n/a,n/a,1
10081,Headache,1,0,2,n/a,n/a,1
10081,Headache,1,0,3,n/a,n/a,2
10081,Headache,1,0,4,n/a,n/a,2
10081,Headache,1,1,0,n/a,n/a,1
10081,Headache,1,1,1,n/a,n/a,1
10081,Headache,1,1,2,n/a,n/a,1
10081,Headache,1,1,3,n/a,n/a,2
10081,Headache,1,1,4,n/a,n/a,2
10081,Headache,1,2,0,n/a,n/a,2
10081,Headache,1,2,1,n/a,n/a,2
10081,Headache,1,2,2,n/a,n/a,2
10081,Headache,1,2,3,n/a,n/a,2
10081,Headache,1,2,4,n/a,n/a,3
10081,Headache,1,3,0,n/a,n/a,2
10081,Headache,1,3,1,n/a,n/a,2
10081,Headache,1,3,2,n/a,n/a,2
10081,Headache,1,3,3,n/a,n/a,3
10081,Headache,1,3,4,n/a,n/a,3
10081,Headache,1,4,0,n/a,n/a,2
10081,Headache,1,4,1,n/a,n/a,2
10081,Headache,1,4,2,n/a,n/a,3
10081,Headache,1,4,3,n/a,n/a,3
10081,Headache,1,4,4,n/a,n/a,3
10081,Headache,2,0,0,n/a,n/a,1
10081,Headache,2,0,1,n/a,n/a,1
10081,Headache,2,0,2,n/a,n/a,1
10081,Headache,2,0,3,n/a,n/a,2
10081,Headache,2,0,4,n/a,n/a,2
10081,Headache,2,1,0,n/a,n/a,1
10081,Headache,2,1,1,n/a,n/a,1
10081,Headache,2,1,2,n/a,n/a,1
10081,Headache,2,1,3,n/a,n/a,2
10081,Headache,2,1,4,n/a,n/a,2
10081,Headache,2,2,0,n/a,n/a,2
10081,Headache,2,2,1,n/a,n/a,2
10081,Headache,2,2,2,n/a,n/a,2
10081,Headache,2,2,3,n/a,n/a,3
10081,Headache,2,2,4,n/a,n/a,3
10081,Headache,2,3,0,n/a,n/a,2
10081,Headache,2,3,1,n/a,n/a,2
10081,Headache,2,3,2,n/a,n/a,2
10081,Headache,2,3,3,n/a,n/a,3
10081,Headache,2,3,4,n/a,n/a,3
10081,Headache,2,4,0,n/a,n/a,2
10081,Headache,2,4,1,n/a,n/a,3
10081,Headache,2,4,2,n/a,n/a,3
10081,Headache,2,4,3,n/a,n/a,3
10081,Headache,2,4,4,n/a,n/a,3
10081,Headache,3,0,0,n/a,n/a,1
10081,Headache,3,0,1,n/a,n/a,1
10081,Headache,3,0,2,n/a,n/a,1
10081,Headache,3,0,3,n/a,n/a,2
10081,Headache,3,0,4,n/a,n/a,2
10081,Headache,3,1,0,n/a,n/a,1
10081,Headache,3,1,1,n/a,n/a,1
10081,Headache,3,1,2,n/a,n/a,1
10081,Headache,3,1,3,n/a,n/a,2
10081,Headache,3,1,4,n/a,n/a,2
10081,Headache,3,2,0,n/a,n/a,2
10081,Headache,3,2,1,n/a,n/a,2
10081,Headache,3,2,2,n/a,n/a,2
10081,Headache,3,2,3,n/a,n/a,3
10081,Headache,3,2,4,n/a,n/a,3
10081,Headache,3,3,0,n/a,n/a,2
10081,Headache,3,3,1,n/a,n/a,2
10081,Headache,3,3,2,n/a,n/a,3
10081,Headache,3,3,3,n/a,n/a,3
10081,Headache,3,3,4,n/a,n/a,3
10081,Headache,3,4,0,n/a,n/a,2
10081,Headache,3,4,1,n/a,n/a,2
10081,Headache,3,4,2,n/a,n/a,3
10081,Headache,3,4,3,n/a,n/a,3
10081,Headache,3,4,4,n/a,n/a,3
10081,Headache,4,0,0,n/a,n/a,1
10081,Headache,4,0,1,n/a,n/a,1
10081,Headache,4,0,2,n/a,n/a,1
10081,Headache,4,0,3,n/a,n/a,2
10081,Headache,4,0,4,n/a,n/a,2
10081,Headache,4,1,0,n/a,n/a,1
10081,Headache,4,1,1,n/a,n/a,1
10081,Headache,4,1,2,n/a,n/a,1
10081,Headache,4,1,3,n/a,n/a,2
10081,Headache,4,1,4,n/a,n/a,2
10081,Headache,4,2,0,n/a,n/a,2
10081,Headache,4,2,1,n/a,n/a,2
10081,Headache,4,2,2,n/a,n/a,2
10081,Headache,4,2,3,n/a,n/a,3
10081,Headache,4,2,4,n/a,n/a,3
10081,Headache,4,3,0,n/a,n/a,2
10081,Headache,4,3,1,n/a,n/a,2
10081,Headache,4,3,2,n/a,n/a,3
10081,Headache,4,3,3,n/a,n/a,3
10081,Headache,4,3,4,n/a,n/a,3
10081,Headache,4,4,0,n/a,n/a,2
10081,Headache,4,4,1,n/a,n/a,2
10081,Headache,4,4,2,n/a,n/a,3
10081,Headache,4,4,3,n/a,n/a,3
10081,Headache,4,4,4,n/a,n/a,3
10030,Heartburn,0,0,n/a,n/a,n/a,0
10030,Heartburn,1,0,n/a,n/a,n/a,1
10030,Heartburn,1,1,n/a,n/a,n/a,1
10030,Heartburn,1,2,n/a,n/a,n/a,1
10030,Heartburn,1,3,n/a,n/a,n/a,2
10030,Heartburn,1,4,n/a,n/a,n/a,2
10030,Heartburn,2,0,n/a,n/a,n/a,1
10030,Heartburn,2,1,n/a,n/a,n/a,1
10030,Heartburn,2,2,n/a,n/a,n/a,1
10030,Heartburn,2,3,n/a,n/a,n/a,2
10030,Heartburn,2,4,n/a,n/a,n/a,2
10030,Heartburn,3,0,n/a,n/a,n/a,1
10030,Heartburn,3,1,n/a,n/a,n/a,1
10030,Heartburn,3,2,n/a,n/a,n/a,2
10030,Heartburn,3,3,n/a,n/a,n/a,2
10030,Heartburn,3,4,n/a,n/a,n/a,2
10030,Heartburn,4,0,n/a,n/a,n/a,1
10030,Heartburn,4,1,n/a,n/a,n/a,1
10030,Heartburn,4,2,n/a,n/a,n/a,2
10030,Heartburn,4,3,n/a,n/a,n/a,3
10030,Heartburn,4,4,n/a,n/a,n/a,3
10031,Hiccups,0,0,n/a,n/a,n/a,0
10031,Hiccups,1,0,n/a,n/a,n/a,1
10031,Hiccups,1,1,n/a,n/a,n/a,1
10031,Hiccups,1,2,n/a,n/a,n/a,1
10031,Hiccups,1,3,n/a,n/a,n/a,2
10031,Hiccups,1,4,n/a,n/a,n/a,2
10031,Hiccups,2,0,n/a,n/a,n/a,1
10031,Hiccups,2,1,n/a,n/a,n/a,1
10031,Hiccups,2,2,n/a,n/a,n/a,1
10031,Hiccups,2,3,n/a,n/a,n/a,2
10031,Hiccups,2,4,n/a,n/a,n/a,2
10031,Hiccups,3,0,n/a,n/a,n/a,1
10031,Hiccups,3,1,n/a,n/a,n/a,1
10031,Hiccups,3,2,n/a,n/a,n/a,2
10031,Hiccups,3,3,n/a,n/a,n/a,2
10031,Hiccups,3,4,n/a,n/a,n/a,2
10031,Hiccups,4,0,n/a,n/a,n/a,1
10031,Hiccups,4,1,n/a,n/a,n/a,1
10031,Hiccups,4,2,n/a,n/a,n/a,2
10031,Hiccups,4,3,n/a,n/a,n/a,3
10031,Hiccups,4,4,n/a,n/a,n/a,3
10032,Hives (itchy red bumps on the skin),n/a,n/a,n/a,n/a,0,0
10032,Hives (itchy red bumps on the skin),n/a,n/a,n/a,n/a,1,"Present, Clinician Assess"
10033,Hoarse voice,n/a,0,n/a,n/a,n/a,0
10033,Hoarse voice,n/a,1,n/a,n/a,n/a,1
10033,Hoarse voice,n/a,2,n/a,n/a,n/a,1
10033,Hoarse voice,n/a,3,n/a,n/a,n/a,2
10033,Hoarse voice,n/a,4,n/a,n/a,n/a,3
10034,Hot flashes,0,0,n/a,n/a,n/a,0
10034,Hot flashes,1,0,n/a,n/a,n/a,1
10034,Hot flashes,1,1,n/a,n/a,n/a,1
10034,Hot flashes,1,2,n/a,n/a,n/a,1
10034,Hot flashes,1,3,n/a,n/a,n/a,2
10034,Hot flashes,1,4,n/a,n/a,n/a,2
10034,Hot flashes,2,0,n/a,n/a,n/a,1
10034,Hot flashes,2,1,n/a,n/a,n/a,1
10034,Hot flashes,2,2,n/a,n/a,n/a,1
10034,Hot flashes,2,3,n/a,n/a,n/a,2
10034,Hot flashes,2,4,n/a,n/a,n/a,2
10034,Hot flashes,3,0,n/a,n/a,n/a,1
10034,Hot flashes,3,1,n/a,n/a,n/a,1
10034,Hot flashes,3,2,n/a,n/a,n/a,2
10034,Hot flashes,3,3,n/a,n/a,n/a,2
10034,Hot flashes,3,4,n/a,n/a,n/a,2
10034,Hot flashes,4,0,n/a,n/a,n/a,1
10034,Hot flashes,4,1,n/a,n/a,n/a,1
10034,Hot flashes,4,2,n/a,n/a,n/a,2
10034,Hot flashes,4,3,n/a,n/a,n/a,3
10034,Hot flashes,4,4,n/a,n/a,n/a,3
10035,Increased passing of gas (flatulence),n/a,n/a,n/a,n/a,0,0
10035,Increased passing of gas (flatulence),n/a,n/a,n/a,n/a,1,"Present, Clinician Assess"
10036,Increased skin sensitivity to sunlight,n/a,n/a,n/a,n/a,0,0
10036,Increased skin sensitivity to sunlight,n/a,n/a,n/a,n/a,1,"Present, Clinician Assess"
10037,"Insomnia (including difficulty falling asleep, staying asleep, or waking up early)",n/a,0,0,n/a,n/a,0
10037,"Insomnia (including difficulty falling asleep, staying asleep, or waking up early)",n/a,1,0,n/a,n/a,1
10037,"Insomnia (including difficulty falling asleep, staying asleep, or waking up early)",n/a,1,1,n/a,n/a,1
10037,"Insomnia (including difficulty falling asleep, staying asleep, or waking up early)",n/a,1,2,n/a,n/a,1
10037,"Insomnia (including difficulty falling asleep, staying asleep, or waking up early)",n/a,1,3,n/a,n/a,2
10037,"Insomnia (including difficulty falling asleep, staying asleep, or waking up early)",n/a,1,4,n/a,n/a,2
10037,"Insomnia (including difficulty falling asleep, staying asleep, or waking up early)",n/a,2,0,n/a,n/a,1
10037,"Insomnia (including difficulty falling asleep, staying asleep, or waking up early)",n/a,2,1,n/a,n/a,1
10037,"Insomnia (including difficulty falling asleep, staying asleep, or waking up early)",n/a,2,2,n/a,n/a,1
10037,"Insomnia (including difficulty falling asleep, staying asleep, or waking up early)",n/a,2,3,n/a,n/a,2
10037,"Insomnia (including difficulty falling asleep, staying asleep, or waking up early)",n/a,2,4,n/a,n/a,2
10037,"Insomnia (including difficulty falling asleep, staying asleep, or waking up early)",n/a,3,0,n/a,n/a,1
10037,"Insomnia (including difficulty falling asleep, staying asleep, or waking up early)",n/a,3,1,n/a,n/a,2
10037,"Insomnia (including difficulty falling asleep, staying asleep, or waking up early)",n/a,3,2,n/a,n/a,2
10037,"Insomnia (including difficulty falling asleep, staying asleep, or waking up early)",n/a,3,3,n/a,n/a,2
10037,"Insomnia (including difficulty falling asleep, staying asleep, or waking up early)",n/a,3,4,n/a,n/a,3
10037,"Insomnia (including difficulty falling asleep, staying asleep, or waking up early)",n/a,4,0,n/a,n/a,2
10037,"Insomnia (including difficulty falling asleep, staying asleep, or waking up early)",n/a,4,1,n/a,n/a,2
10037,"Insomnia (including difficulty falling asleep, staying asleep, or waking up early)",n/a,4,2,n/a,n/a,2
10037,"Insomnia (including difficulty falling asleep, staying asleep, or waking up early)",n/a,4,3,n/a,n/a,3
10037,"Insomnia (including difficulty falling asleep, staying asleep, or waking up early)",n/a,4,4,n/a,n/a,3
10038,Irregular menstrual periods,n/a,n/a,n/a,n/a,0,0
10038,Irregular menstrual periods,n/a,n/a,n/a,n/a,1,"Present, Clinician Assess"
10039,Itchy skin,n/a,0,n/a,n/a,n/a,0
10039,Itchy skin,n/a,1,n/a,n/a,n/a,1
10039,Itchy skin,n/a,2,n/a,n/a,n/a,1
10039,Itchy skin,n/a,3,n/a,n/a,n/a,2
10039,Itchy skin,n/a,4,n/a,n/a,n/a,3
10040,Loose or watery stools (diarrhea),0,n/a,n/a,n/a,n/a,0
10040,Loose or watery stools (diarrhea),1,n/a,n/a,n/a,n/a,1
10040,Loose or watery stools (diarrhea),2,n/a,n/a,n/a,n/a,1
10040,Loose or watery stools (diarrhea),3,n/a,n/a,n/a,n/a,2
10040,Loose or watery stools (diarrhea),4,n/a,n/a,n/a,n/a,3
10041,Lose any fingernails or toenails,n/a,n/a,n/a,n/a,0,0
10041,Lose any fingernails or toenails,n/a,n/a,n/a,n/a,1,"Present, Clinician Assess"
10042,Loss of control of bowel movements,0,n/a,0,n/a,n/a,0
10042,Loss of control of bowel movements,1,n/a,0,n/a,n/a,1
10042,Loss of control of bowel movements,1,n/a,1,n/a,n/a,1
10042,Loss of control of bowel movements,1,n/a,2,n/a,n/a,1
10042,Loss of control of bowel movements,1,n/a,3,n/a,n/a,2
10042,Loss of control of bowel movements,1,n/a,4,n/a,n/a,2
10042,Loss of control of bowel movements,2,n/a,0,n/a,n/a,1
10042,Loss of control of bowel movements,2,n/a,1,n/a,n/a,1
10042,Loss of control of bowel movements,2,n/a,2,n/a,n/a,1
10042,Loss of control of bowel movements,2,n/a,3,n/a,n/a,2
10042,Loss of control of bowel movements,2,n/a,4,n/a,n/a,2
10042,Loss of control of bowel movements,3,n/a,0,n/a,n/a,1
10042,Loss of control of bowel movements,3,n/a,1,n/a,n/a,1
10042,Loss of control of bowel movements,3,n/a,2,n/a,n/a,2
10042,Loss of control of bowel movements,3,n/a,3,n/a,n/a,2
10042,Loss of control of bowel movements,3,n/a,4,n/a,n/a,3
10042,Loss of control of bowel movements,4,n/a,0,n/a,n/a,1
10042,Loss of control of bowel movements,4,n/a,1,n/a,n/a,1
10042,Loss of control of bowel movements,4,n/a,2,n/a,n/a,2
10042,Loss of control of bowel movements,4,n/a,3,n/a,n/a,3
10042,Loss of control of bowel movements,4,n/a,4,n/a,n/a,3
10043,Loss of control of urine (leakage),0,n/a,0,n/a,n/a,0
10043,Loss of control of urine (leakage),1,n/a,0,n/a,n/a,1
10043,Loss of control of urine (leakage),1,n/a,1,n/a,n/a,1
10043,Loss of control of urine (leakage),1,n/a,2,n/a,n/a,1
10043,Loss of control of urine (leakage),1,n/a,3,n/a,n/a,2
10043,Loss of control of urine (leakage),1,n/a,4,n/a,n/a,2
10043,Loss of control of urine (leakage),2,n/a,0,n/a,n/a,1
10043,Loss of control of urine (leakage),2,n/a,1,n/a,n/a,1
10043,Loss of control of urine (leakage),2,n/a,2,n/a,n/a,1
10043,Loss of control of urine (leakage),2,n/a,3,n/a,n/a,2
10043,Loss of control of urine (leakage),2,n/a,4,n/a,n/a,2
10043,Loss of control of urine (leakage),3,n/a,0,n/a,n/a,1
10043,Loss of control of urine (leakage),3,n/a,1,n/a,n/a,1
10043,Loss of control of urine (leakage),3,n/a,2,n/a,n/a,2
10043,Loss of control of urine (leakage),3,n/a,3,n/a,n/a,2
10043,Loss of control of urine (leakage),3,n/a,4,n/a,n/a,3
10043,Loss of control of urine (leakage),4,n/a,0,n/a,n/a,1
10043,Loss of control of urine (leakage),4,n/a,1,n/a,n/a,1
10043,Loss of control of urine (leakage),4,n/a,2,n/a,n/a,2
10043,Loss of control of urine (leakage),4,n/a,3,n/a,n/a,3
10043,Loss of control of urine (leakage),4,n/a,4,n/a,n/a,3
10044,Miss an expected menstrual period,n/a,n/a,n/a,n/a,0,0
10044,Miss an expected menstrual period,n/a,n/a,n/a,n/a,1,"Present, Clinician Assess"
10045,Mouth or throat sores,n/a,0,0,n/a,n/a,0
10045,Mouth or throat sores,n/a,1,0,n/a,n/a,1
10045,Mouth or throat sores,n/a,1,1,n/a,n/a,1
10045,Mouth or throat sores,n/a,1,2,n/a,n/a,1
10045,Mouth or throat sores,n/a,1,3,n/a,n/a,2
10045,Mouth or throat sores,n/a,1,4,n/a,n/a,2
10045,Mouth or throat sores,n/a,2,0,n/a,n/a,1
10045,Mouth or throat sores,n/a,2,1,n/a,n/a,1
10045,Mouth or throat sores,n/a,2,2,n/a,n/a,1
10045,Mouth or throat sores,n/a,2,3,n/a,n/a,2
10045,Mouth or throat sores,n/a,2,4,n/a,n/a,2
10045,Mouth or throat sores,n/a,3,0,n/a,n/a,1
10045,Mouth or throat sores,n/a,3,1,n/a,n/a,2
10045,Mouth or throat sores,n/a,3,2,n/a,n/a,2
10045,Mouth or throat sores,n/a,3,3,n/a,n/a,2
10045,Mouth or throat sores,n/a,3,4,n/a,n/a,3
10045,Mouth or throat sores,n/a,4,0,n/a,n/a,2
10045,Mouth or throat sores,n/a,4,1,n/a,n/a,2
10045,Mouth or throat sores,n/a,4,2,n/a,n/a,2
10045,Mouth or throat sores,n/a,4,3,n/a,n/a,3
10045,Mouth or throat sores,n/a,4,4,n/a,n/a,3
10046,Nausea,0,0,n/a,n/a,n/a,0
10046,Nausea,1,0,n/a,n/a,n/a,1
10046,Nausea,1,1,n/a,n/a,n/a,1
10046,Nausea,1,2,n/a,n/a,n/a,1
10046,Nausea,1,3,n/a,n/a,n/a,2
10046,Nausea,1,4,n/a,n/a,n/a,2
10046,Nausea,2,0,n/a,n/a,n/a,1
10046,Nausea,2,1,n/a,n/a,n/a,1
10046,Nausea,2,2,n/a,n/a,n/a,1
10046,Nausea,2,3,n/a,n/a,n/a,2
10046,Nausea,2,4,n/a,n/a,n/a,2
10046,Nausea,3,0,n/a,n/a,n/a,1
10046,Nausea,3,1,n/a,n/a,n/a,1
10046,Nausea,3,2,n/a,n/a,n/a,2
10046,Nausea,3,3,n/a,n/a,n/a,2
10046,Nausea,3,4,n/a,n/a,n/a,2
10046,Nausea,4,0,n/a,n/a,n/a,1
10046,Nausea,4,1,n/a,n/a,n/a,1
10046,Nausea,4,2,n/a,n/a,n/a,2
10046,Nausea,4,3,n/a,n/a,n/a,3
10046,Nausea,4,4,n/a,n/a,n/a,3
10047,Nosebleeds,0,0,n/a,n/a,n/a,0
10047,Nosebleeds,1,0,n/a,n/a,n/a,1
10047,Nosebleeds,1,1,n/a,n/a,n/a,1
10047,Nosebleeds,1,2,n/a,n/a,n/a,1
10047,Nosebleeds,1,3,n/a,n/a,n/a,2
10047,Nosebleeds,1,4,n/a,n/a,n/a,2
10047,Nosebleeds,2,0,n/a,n/a,n/a,1
10047,Nosebleeds,2,1,n/a,n/a,n/a,1
10047,Nosebleeds,2,2,n/a,n/a,n/a,1
10047,Nosebleeds,2,3,n/a,n/a,n/a,2
10047,Nosebleeds,2,4,n/a,n/a,n/a,2
10047,Nosebleeds,3,0,n/a,n/a,n/a,1
10047,Nosebleeds,3,1,n/a,n/a,n/a,1
10047,Nosebleeds,3,2,n/a,n/a,n/a,2
10047,Nosebleeds,3,3,n/a,n/a,n/a,2
10047,Nosebleeds,3,4,n/a,n/a,n/a,2
10047,Nosebleeds,4,0,n/a,n/a,n/a,1
10047,Nosebleeds,4,1,n/a,n/a,n/a,1
10047,Nosebleeds,4,2,n/a,n/a,n/a,2
10047,Nosebleeds,4,3,n/a,n/a,n/a,3
10047,Nosebleeds,4,4,n/a,n/a,n/a,3
10048,Numbness or tingling in your hands or feet,n/a,0,0,n/a,n/a,0
10048,Numbness or tingling in your hands or feet,n/a,1,0,n/a,n/a,1
10048,Numbness or tingling in your hands or feet,n/a,1,1,n/a,n/a,1
10048,Numbness or tingling in your hands or feet,n/a,1,2,n/a,n/a,1
10048,Numbness or tingling in your hands or feet,n/a,1,3,n/a,n/a,2
10048,Numbness or tingling in your hands or feet,n/a,1,4,n/a,n/a,2
10048,Numbness or tingling in your hands or feet,n/a,2,0,n/a,n/a,1
10048,Numbness or tingling in your hands or feet,n/a,2,1,n/a,n/a,1
10048,Numbness or tingling in your hands or feet,n/a,2,2,n/a,n/a,1
10048,Numbness or tingling in your hands or feet,n/a,2,3,n/a,n/a,2
10048,Numbness or tingling in your hands or feet,n/a,2,4,n/a,n/a,2
10048,Numbness or tingling in your hands or feet,n/a,3,0,n/a,n/a,1
10048,Numbness or tingling in your hands or feet,n/a,3,1,n/a,n/a,2
10048,Numbness or tingling in your hands or feet,n/a,3,2,n/a,n/a,2
10048,Numbness or tingling in your hands or feet,n/a,3,3,n/a,n/a,2
10048,Numbness or tingling in your hands or feet,n/a,3,4,n/a,n/a,3
10048,Numbness or tingling in your hands or feet,n/a,4,0,n/a,n/a,2
10048,Numbness or tingling in your hands or feet,n/a,4,1,n/a,n/a,2
10048,Numbness or tingling in your hands or feet,n/a,4,2,n/a,n/a,2
10048,Numbness or tingling in your hands or feet,n/a,4,3,n/a,n/a,3
10048,Numbness or tingling in your hands or feet,n/a,4,4,n/a,n/a,3
10051,Pain during vaginal sex,n/a,0,n/a,n/a,n/a,0
10051,Pain during vaginal sex,n/a,1,n/a,n/a,n/a,1
10051,Pain during vaginal sex,n/a,2,n/a,n/a,n/a,1
10051,Pain during vaginal sex,n/a,3,n/a,n/a,n/a,2
10051,Pain during vaginal sex,n/a,4,n/a,n/a,n/a,3
10052,Pain in the abdomen (belly area),0,0,0,n/a,n/a,0
10052,Pain in the abdomen (belly area),1,0,0,n/a,n/a,1
10052,Pain in the abdomen (belly area),1,0,1,n/a,n/a,1
10052,Pain in the abdomen (belly area),1,0,2,n/a,n/a,1
10052,Pain in the abdomen (belly area),1,0,3,n/a,n/a,2
10052,Pain in the abdomen (belly area),1,0,4,n/a,n/a,2
10052,Pain in the abdomen (belly area),1,1,0,n/a,n/a,1
10052,Pain in the abdomen (belly area),1,1,1,n/a,n/a,1
10052,Pain in the abdomen (belly area),1,1,2,n/a,n/a,1
10052,Pain in the abdomen (belly area),1,1,3,n/a,n/a,2
10052,Pain in the abdomen (belly area),1,1,4,n/a,n/a,2
10052,Pain in the abdomen (belly area),1,2,0,n/a,n/a,2
10052,Pain in the abdomen (belly area),1,2,1,n/a,n/a,2
10052,Pain in the abdomen (belly area),1,2,2,n/a,n/a,2
10052,Pain in the abdomen (belly area),1,2,3,n/a,n/a,2
10052,Pain in the abdomen (belly area),1,2,4,n/a,n/a,3
10052,Pain in the abdomen (belly area),1,3,0,n/a,n/a,2
10052,Pain in the abdomen (belly area),1,3,1,n/a,n/a,2
10052,Pain in the abdomen (belly area),1,3,2,n/a,n/a,2
10052,Pain in the abdomen (belly area),1,3,3,n/a,n/a,3
10052,Pain in the abdomen (belly area),1,3,4,n/a,n/a,3
10052,Pain in the abdomen (belly area),1,4,0,n/a,n/a,2
10052,Pain in the abdomen (belly area),1,4,1,n/a,n/a,2
10052,Pain in the abdomen (belly area),1,4,2,n/a,n/a,3
10052,Pain in the abdomen (belly area),1,4,3,n/a,n/a,3
10052,Pain in the abdomen (belly area),1,4,4,n/a,n/a,3
10052,Pain in the abdomen (belly area),2,0,0,n/a,n/a,1
10052,Pain in the abdomen (belly area),2,0,1,n/a,n/a,1
10052,Pain in the abdomen (belly area),2,0,2,n/a,n/a,1
10052,Pain in the abdomen (belly area),2,0,3,n/a,n/a,2
10052,Pain in the abdomen (belly area),2,0,4,n/a,n/a,2
10052,Pain in the abdomen (belly area),2,1,0,n/a,n/a,1
10052,Pain in the abdomen (belly area),2,1,1,n/a,n/a,1
10052,Pain in the abdomen (belly area),2,1,2,n/a,n/a,1
10052,Pain in the abdomen (belly area),2,1,3,n/a,n/a,2
10052,Pain in the abdomen (belly area),2,1,4,n/a,n/a,2
10052,Pain in the abdomen (belly area),2,2,0,n/a,n/a,2
10052,Pain in the abdomen (belly area),2,2,1,n/a,n/a,2
10052,Pain in the abdomen (belly area),2,2,2,n/a,n/a,2
10052,Pain in the abdomen (belly area),2,2,3,n/a,n/a,3
10052,Pain in the abdomen (belly area),2,2,4,n/a,n/a,3
10052,Pain in the abdomen (belly area),2,3,0,n/a,n/a,2
10052,Pain in the abdomen (belly area),2,3,1,n/a,n/a,2
10052,Pain in the abdomen (belly area),2,3,2,n/a,n/a,2
10052,Pain in the abdomen (belly area),2,3,3,n/a,n/a,3
10052,Pain in the abdomen (belly area),2,3,4,n/a,n/a,3
10052,Pain in the abdomen (belly area),2,4,0,n/a,n/a,2
10052,Pain in the abdomen (belly area),2,4,1,n/a,n/a,3
10052,Pain in the abdomen (belly area),2,4,2,n/a,n/a,3
10052,Pain in the abdomen (belly area),2,4,3,n/a,n/a,3
10052,Pain in the abdomen (belly area),2,4,4,n/a,n/a,3
10052,Pain in the abdomen (belly area),3,0,0,n/a,n/a,1
10052,Pain in the abdomen (belly area),3,0,1,n/a,n/a,1
10052,Pain in the abdomen (belly area),3,0,2,n/a,n/a,1
10052,Pain in the abdomen (belly area),3,0,3,n/a,n/a,2
10052,Pain in the abdomen (belly area),3,0,4,n/a,n/a,2
10052,Pain in the abdomen (belly area),3,1,0,n/a,n/a,1
10052,Pain in the abdomen (belly area),3,1,1,n/a,n/a,1
10052,Pain in the abdomen (belly area),3,1,2,n/a,n/a,1
10052,Pain in the abdomen (belly area),3,1,3,n/a,n/a,2
10052,Pain in the abdomen (belly area),3,1,4,n/a,n/a,2
10052,Pain in the abdomen (belly area),3,2,0,n/a,n/a,2
10052,Pain in the abdomen (belly area),3,2,1,n/a,n/a,2
10052,Pain in the abdomen (belly area),3,2,2,n/a,n/a,2
10052,Pain in the abdomen (belly area),3,2,3,n/a,n/a,3
10052,Pain in the abdomen (belly area),3,2,4,n/a,n/a,3
10052,Pain in the abdomen (belly area),3,3,0,n/a,n/a,2
10052,Pain in the abdomen (belly area),3,3,1,n/a,n/a,2
10052,Pain in the abdomen (belly area),3,3,2,n/a,n/a,3
10052,Pain in the abdomen (belly area),3,3,3,n/a,n/a,3
10052,Pain in the abdomen (belly area),3,3,4,n/a,n/a,3
10052,Pain in the abdomen (belly area),3,4,0,n/a,n/a,2
10052,Pain in the abdomen (belly area),3,4,1,n/a,n/a,2
10052,Pain in the abdomen (belly area),3,4,2,n/a,n/a,3
10052,Pain in the abdomen (belly area),3,4,3,n/a,n/a,3
10052,Pain in the abdomen (belly area),3,4,4,n/a,n/a,3
10052,Pain in the abdomen (belly area),4,0,0,n/a,n/a,1
10052,Pain in the abdomen (belly area),4,0,1,n/a,n/a,1
10052,Pain in the abdomen (belly area),4,0,2,n/a,n/a,1
10052,Pain in the abdomen (belly area),4,0,3,n/a,n/a,2
10052,Pain in the abdomen (belly area),4,0,4,n/a,n/a,2
10052,Pain in the abdomen (belly area),4,1,0,n/a,n/a,1
10052,Pain in the abdomen (belly area),4,1,1,n/a,n/a,1
10052,Pain in the abdomen (belly area),4,1,2,n/a,n/a,1
10052,Pain in the abdomen (belly area),4,1,3,n/a,n/a,2
10052,Pain in the abdomen (belly area),4,1,4,n/a,n/a,2
10052,Pain in the abdomen (belly area),4,2,0,n/a,n/a,2
10052,Pain in the abdomen (belly area),4,2,1,n/a,n/a,2
10052,Pain in the abdomen (belly area),4,2,2,n/a,n/a,2
10052,Pain in the abdomen (belly area),4,2,3,n/a,n/a,3
10052,Pain in the abdomen (belly area),4,2,4,n/a,n/a,3
10052,Pain in the abdomen (belly area),4,3,0,n/a,n/a,2
10052,Pain in the abdomen (belly area),4,3,1,n/a,n/a,2
10052,Pain in the abdomen (belly area),4,3,2,n/a,n/a,3
10052,Pain in the abdomen (belly area),4,3,3,n/a,n/a,3
10052,Pain in the abdomen (belly area),4,3,4,n/a,n/a,3
10052,Pain in the abdomen (belly area),4,4,0,n/a,n/a,2
10052,Pain in the abdomen (belly area),4,4,1,n/a,n/a,2
10052,Pain in the abdomen (belly area),4,4,2,n/a,n/a,3
10052,Pain in the abdomen (belly area),4,4,3,n/a,n/a,3
10052,Pain in the abdomen (belly area),4,4,4,n/a,n/a,3
10053,Pain or burning with urination,n/a,0,n/a,n/a,n/a,0
10053,Pain or burning with urination,n/a,1,n/a,n/a,n/a,1
10053,Pain or burning with urination,n/a,2,n/a,n/a,n/a,1
10053,Pain or burning with urination,n/a,3,n/a,n/a,n/a,2
10053,Pain or burning with urination,n/a,4,n/a,n/a,n/a,3
10054,"Pain, swelling, or redness at a site of drug injection or IV",n/a,n/a,n/a,n/a,0,0
10054,"Pain, swelling, or redness at a site of drug injection or IV",n/a,n/a,n/a,n/a,1,"Present, Clinician Assess"
10050,Pain,0,0,0,n/a,n/a,0
10050,Pain,1,0,0,n/a,n/a,1
10050,Pain,1,0,1,n/a,n/a,1
10050,Pain,1,0,2,n/a,n/a,1
10050,Pain,1,0,3,n/a,n/a,2
10050,Pain,1,0,4,n/a,n/a,2
10050,Pain,1,1,0,n/a,n/a,1
10050,Pain,1,1,1,n/a,n/a,1
10050,Pain,1,1,2,n/a,n/a,1
10050,Pain,1,1,3,n/a,n/a,2
10050,Pain,1,1,4,n/a,n/a,2
10050,Pain,1,2,0,n/a,n/a,2
10050,Pain,1,2,1,n/a,n/a,2
10050,Pain,1,2,2,n/a,n/a,2
10050,Pain,1,2,3,n/a,n/a,2
10050,Pain,1,2,4,n/a,n/a,3
10050,Pain,1,3,0,n/a,n/a,2
10050,Pain,1,3,1,n/a,n/a,2
10050,Pain,1,3,2,n/a,n/a,2
10050,Pain,1,3,3,n/a,n/a,3
10050,Pain,1,3,4,n/a,n/a,3
10050,Pain,1,4,0,n/a,n/a,2
10050,Pain,1,4,1,n/a,n/a,2
10050,Pain,1,4,2,n/a,n/a,3
10050,Pain,1,4,3,n/a,n/a,3
10050,Pain,1,4,4,n/a,n/a,3
10050,Pain,2,0,0,n/a,n/a,1
10050,Pain,2,0,1,n/a,n/a,1
10050,Pain,2,0,2,n/a,n/a,1
10050,Pain,2,0,3,n/a,n/a,2
10050,Pain,2,0,4,n/a,n/a,2
10050,Pain,2,1,0,n/a,n/a,1
10050,Pain,2,1,1,n/a,n/a,1
10050,Pain,2,1,2,n/a,n/a,1
10050,Pain,2,1,3,n/a,n/a,2
10050,Pain,2,1,4,n/a,n/a,2
10050,Pain,2,2,0,n/a,n/a,2
10050,Pain,2,2,1,n/a,n/a,2
10050,Pain,2,2,2,n/a,n/a,2
10050,Pain,2,2,3,n/a,n/a,3
10050,Pain,2,2,4,n/a,n/a,3
10050,Pain,2,3,0,n/a,n/a,2
10050,Pain,2,3,1,n/a,n/a,2
10050,Pain,2,3,2,n/a,n/a,2
10050,Pain,2,3,3,n/a,n/a,3
10050,Pain,2,3,4,n/a,n/a,3
10050,Pain,2,4,0,n/a,n/a,2
10050,Pain,2,4,1,n/a,n/a,3
10050,Pain,2,4,2,n/a,n/a,3
10050,Pain,2,4,3,n/a,n/a,3
10050,Pain,2,4,4,n/a,n/a,3
10050,Pain,3,0,0,n/a,n/a,1
10050,Pain,3,0,1,n/a,n/a,1
10050,Pain,3,0,2,n/a,n/a,1
10050,Pain,3,0,3,n/a,n/a,2
10050,Pain,3,0,4,n/a,n/a,2
10050,Pain,3,1,0,n/a,n/a,1
10050,Pain,3,1,1,n/a,n/a,1
10050,Pain,3,1,2,n/a,n/a,1
10050,Pain,3,1,3,n/a,n/a,2
10050,Pain,3,1,4,n/a,n/a,2
10050,Pain,3,2,0,n/a,n/a,2
10050,Pain,3,2,1,n/a,n/a,2
10050,Pain,3,2,2,n/a,n/a,2
10050,Pain,3,2,3,n/a,n/a,3
10050,Pain,3,2,4,n/a,n/a,3
10050,Pain,3,3,0,n/a,n/a,2
10050,Pain,3,3,1,n/a,n/a,2
10050,Pain,3,3,2,n/a,n/a,3
10050,Pain,3,3,3,n/a,n/a,3
10050,Pain,3,3,4,n/a,n/a,3
10050,Pain,3,4,0,n/a,n/a,2
10050,Pain,3,4,1,n/a,n/a,2
10050,Pain,3,4,2,n/a,n/a,3
10050,Pain,3,4,3,n/a,n/a,3
10050,Pain,3,4,4,n/a,n/a,3
10050,Pain,4,0,0,n/a,n/a,1
10050,Pain,4,0,1,n/a,n/a,1
10050,Pain,4,0,2,n/a,n/a,1
10050,Pain,4,0,3,n/a,n/a,2
10050,Pain,4,0,4,n/a,n/a,2
10050,Pain,4,1,0,n/a,n/a,1
10050,Pain,4,1,1,n/a,n/a,1
10050,Pain,4,1,2,n/a,n/a,1
10050,Pain,4,1,3,n/a,n/a,2
10050,Pain,4,1,4,n/a,n/a,2
10050,Pain,4,2,0,n/a,n/a,2
10050,Pain,4,2,1,n/a,n/a,2
10050,Pain,4,2,2,n/a,n/a,2
10050,Pain,4,2,3,n/a,n/a,3
10050,Pain,4,2,4,n/a,n/a,3
10050,Pain,4,3,0,n/a,n/a,2
10050,Pain,4,3,1,n/a,n/a,2
10050,Pain,4,3,2,n/a,n/a,3
10050,Pain,4,3,3,n/a,n/a,3
10050,Pain,4,3,4,n/a,n/a,3
10050,Pain,4,4,0,n/a,n/a,2
10050,Pain,4,4,1,n/a,n/a,2
10050,Pain,4,4,2,n/a,n/a,3
10050,Pain,4,4,3,n/a,n/a,3
10050,Pain,4,4,4,n/a,n/a,3
10055,Pounding or racing heartbeat (palpitations),0,0,n/a,n/a,n/a,0
10055,Pounding or racing heartbeat (palpitations),1,0,n/a,n/a,n/a,1
10055,Pounding or racing heartbeat (palpitations),1,1,n/a,n/a,n/a,1
10055,Pounding or racing heartbeat (palpitations),1,2,n/a,n/a,n/a,1
10055,Pounding or racing heartbeat (palpitations),1,3,n/a,n/a,n/a,2
10055,Pounding or racing heartbeat (palpitations),1,4,n/a,n/a,n/a,2
10055,Pounding or racing heartbeat (palpitations),2,0,n/a,n/a,n/a,1
10055,Pounding or racing heartbeat (palpitations),2,1,n/a,n/a,n/a,1
10055,Pounding or racing heartbeat (palpitations),2,2,n/a,n/a,n/a,1
10055,Pounding or racing heartbeat (palpitations),2,3,n/a,n/a,n/a,2
10055,Pounding or racing heartbeat (palpitations),2,4,n/a,n/a,n/a,2
10055,Pounding or racing heartbeat (palpitations),3,0,n/a,n/a,n/a,1
10055,Pounding or racing heartbeat (palpitations),3,1,n/a,n/a,n/a,1
10055,Pounding or racing heartbeat (palpitations),3,2,n/a,n/a,n/a,2
10055,Pounding or racing heartbeat (palpitations),3,3,n/a,n/a,n/a,2
10055,Pounding or racing heartbeat (palpitations),3,4,n/a,n/a,n/a,2
10055,Pounding or racing heartbeat (palpitations),4,0,n/a,n/a,n/a,1
10055,Pounding or racing heartbeat (palpitations),4,1,n/a,n/a,n/a,1
10055,Pounding or racing heartbeat (palpitations),4,2,n/a,n/a,n/a,2
10055,Pounding or racing heartbeat (palpitations),4,3,n/a,n/a,n/a,2
10055,Pounding or racing heartbeat (palpitations),4,4,n/a,n/a,n/a,2
10056,Problems with concentration,n/a,0,0,n/a,n/a,0
10056,Problems with concentration,n/a,1,0,n/a,n/a,1
10056,Problems with concentration,n/a,1,1,n/a,n/a,1
10056,Problems with concentration,n/a,1,2,n/a,n/a,1
10056,Problems with concentration,n/a,1,3,n/a,n/a,2
10056,Problems with concentration,n/a,1,4,n/a,n/a,2
10056,Problems with concentration,n/a,2,0,n/a,n/a,1
10056,Problems with concentration,n/a,2,1,n/a,n/a,1
10056,Problems with concentration,n/a,2,2,n/a,n/a,1
10056,Problems with concentration,n/a,2,3,n/a,n/a,2
10056,Problems with concentration,n/a,2,4,n/a,n/a,2
10056,Problems with concentration,n/a,3,0,n/a,n/a,1
10056,Problems with concentration,n/a,3,1,n/a,n/a,2
10056,Problems with concentration,n/a,3,2,n/a,n/a,2
10056,Problems with concentration,n/a,3,3,n/a,n/a,2
10056,Problems with concentration,n/a,3,4,n/a,n/a,3
10056,Problems with concentration,n/a,4,0,n/a,n/a,2
10056,Problems with concentration,n/a,4,1,n/a,n/a,2
10056,Problems with concentration,n/a,4,2,n/a,n/a,2
10056,Problems with concentration,n/a,4,3,n/a,n/a,3
10056,Problems with concentration,n/a,4,4,n/a,n/a,3
10057,Problems with memory,n/a,0,0,n/a,n/a,0
10057,Problems with memory,n/a,1,0,n/a,n/a,1
10057,Problems with memory,n/a,1,1,n/a,n/a,1
10057,Problems with memory,n/a,1,2,n/a,n/a,1
10057,Problems with memory,n/a,1,3,n/a,n/a,2
10057,Problems with memory,n/a,1,4,n/a,n/a,2
10057,Problems with memory,n/a,2,0,n/a,n/a,1
10057,Problems with memory,n/a,2,1,n/a,n/a,1
10057,Problems with memory,n/a,2,2,n/a,n/a,1
10057,Problems with memory,n/a,2,3,n/a,n/a,2
10057,Problems with memory,n/a,2,4,n/a,n/a,2
10057,Problems with memory,n/a,3,0,n/a,n/a,1
10057,Problems with memory,n/a,3,1,n/a,n/a,2
10057,Problems with memory,n/a,3,2,n/a,n/a,2
10057,Problems with memory,n/a,3,3,n/a,n/a,2
10057,Problems with memory,n/a,3,4,n/a,n/a,3
10057,Problems with memory,n/a,4,0,n/a,n/a,2
10057,Problems with memory,n/a,4,1,n/a,n/a,2
10057,Problems with memory,n/a,4,2,n/a,n/a,2
10057,Problems with memory,n/a,4,3,n/a,n/a,3
10057,Problems with memory,n/a,4,4,n/a,n/a,3
10058,Problems with tasting food or drink,n/a,0,n/a,n/a,n/a,0
10058,Problems with tasting food or drink,n/a,1,n/a,n/a,n/a,1
10058,Problems with tasting food or drink,n/a,2,n/a,n/a,n/a,1
10058,Problems with tasting food or drink,n/a,3,n/a,n/a,n/a,2
10058,Problems with tasting food or drink,n/a,4,n/a,n/a,n/a,2
10059,Rash,n/a,n/a,n/a,n/a,0,0
10059,Rash,n/a,n/a,n/a,n/a,1,"Present, Clinician Assess"
10060,Ridges or bumps on your fingernails or toenails,n/a,n/a,n/a,n/a,0,0
10060,Ridges or bumps on your fingernails or toenails,n/a,n/a,n/a,n/a,1,1
10061,Ringing in your ears,n/a,0,n/a,n/a,n/a,0
10061,Ringing in your ears,n/a,1,n/a,n/a,n/a,1
10061,Ringing in your ears,n/a,2,n/a,n/a,n/a,1
10061,Ringing in your ears,n/a,3,n/a,n/a,n/a,2
10061,Ringing in your ears,n/a,4,n/a,n/a,n/a,3
10062,Sad or unhappy feelings,0,0,0,n/a,n/a,0
10062,Sad or unhappy feelings,1,0,0,n/a,n/a,1
10062,Sad or unhappy feelings,1,0,1,n/a,n/a,1
10062,Sad or unhappy feelings,1,0,2,n/a,n/a,1
10062,Sad or unhappy feelings,1,0,3,n/a,n/a,2
10062,Sad or unhappy feelings,1,0,4,n/a,n/a,2
10062,Sad or unhappy feelings,1,1,0,n/a,n/a,1
10062,Sad or unhappy feelings,1,1,1,n/a,n/a,1
10062,Sad or unhappy feelings,1,1,2,n/a,n/a,1
10062,Sad or unhappy feelings,1,1,3,n/a,n/a,2
10062,Sad or unhappy feelings,1,1,4,n/a,n/a,2
10062,Sad or unhappy feelings,1,2,0,n/a,n/a,2
10062,Sad or unhappy feelings,1,2,1,n/a,n/a,2
10062,Sad or unhappy feelings,1,2,2,n/a,n/a,2
10062,Sad or unhappy feelings,1,2,3,n/a,n/a,2
10062,Sad or unhappy feelings,1,2,4,n/a,n/a,3
10062,Sad or unhappy feelings,1,3,0,n/a,n/a,2
10062,Sad or unhappy feelings,1,3,1,n/a,n/a,2
10062,Sad or unhappy feelings,1,3,2,n/a,n/a,2
10062,Sad or unhappy feelings,1,3,3,n/a,n/a,3
10062,Sad or unhappy feelings,1,3,4,n/a,n/a,3
10062,Sad or unhappy feelings,1,4,0,n/a,n/a,2
10062,Sad or unhappy feelings,1,4,1,n/a,n/a,2
10062,Sad or unhappy feelings,1,4,2,n/a,n/a,3
10062,Sad or unhappy feelings,1,4,3,n/a,n/a,3
10062,Sad or unhappy feelings,1,4,4,n/a,n/a,3
10062,Sad or unhappy feelings,2,0,0,n/a,n/a,1
10062,Sad or unhappy feelings,2,0,1,n/a,n/a,1
10062,Sad or unhappy feelings,2,0,2,n/a,n/a,1
10062,Sad or unhappy feelings,2,0,3,n/a,n/a,2
10062,Sad or unhappy feelings,2,0,4,n/a,n/a,2
10062,Sad or unhappy feelings,2,1,0,n/a,n/a,1
10062,Sad or unhappy feelings,2,1,1,n/a,n/a,1
10062,Sad or unhappy feelings,2,1,2,n/a,n/a,1
10062,Sad or unhappy feelings,2,1,3,n/a,n/a,2
10062,Sad or unhappy feelings,2,1,4,n/a,n/a,2
10062,Sad or unhappy feelings,2,2,0,n/a,n/a,2
10062,Sad or unhappy feelings,2,2,1,n/a,n/a,2
10062,Sad or unhappy feelings,2,2,2,n/a,n/a,2
10062,Sad or unhappy feelings,2,2,3,n/a,n/a,3
10062,Sad or unhappy feelings,2,2,4,n/a,n/a,3
10062,Sad or unhappy feelings,2,3,0,n/a,n/a,2
10062,Sad or unhappy feelings,2,3,1,n/a,n/a,2
10062,Sad or unhappy feelings,2,3,2,n/a,n/a,2
10062,Sad or unhappy feelings,2,3,3,n/a,n/a,3
10062,Sad or unhappy feelings,2,3,4,n/a,n/a,3
10062,Sad or unhappy feelings,2,4,0,n/a,n/a,2
10062,Sad or unhappy feelings,2,4,1,n/a,n/a,3
10062,Sad or unhappy feelings,2,4,2,n/a,n/a,3
10062,Sad or unhappy feelings,2,4,3,n/a,n/a,3
10062,Sad or unhappy feelings,2,4,4,n/a,n/a,3
10062,Sad or unhappy feelings,3,0,0,n/a,n/a,1
10062,Sad or unhappy feelings,3,0,1,n/a,n/a,1
10062,Sad or unhappy feelings,3,0,2,n/a,n/a,1
10062,Sad or unhappy feelings,3,0,3,n/a,n/a,2
10062,Sad or unhappy feelings,3,0,4,n/a,n/a,2
10062,Sad or unhappy feelings,3,1,0,n/a,n/a,1
10062,Sad or unhappy feelings,3,1,1,n/a,n/a,1
10062,Sad or unhappy feelings,3,1,2,n/a,n/a,1
10062,Sad or unhappy feelings,3,1,3,n/a,n/a,2
10062,Sad or unhappy feelings,3,1,4,n/a,n/a,2
10062,Sad or unhappy feelings,3,2,0,n/a,n/a,2
10062,Sad or unhappy feelings,3,2,1,n/a,n/a,2
10062,Sad or unhappy feelings,3,2,2,n/a,n/a,2
10062,Sad or unhappy feelings,3,2,3,n/a,n/a,3
10062,Sad or unhappy feelings,3,2,4,n/a,n/a,3
10062,Sad or unhappy feelings,3,3,0,n/a,n/a,2
10062,Sad or unhappy feelings,3,3,1,n/a,n/a,2
10062,Sad or unhappy feelings,3,3,2,n/a,n/a,3
10062,Sad or unhappy feelings,3,3,3,n/a,n/a,3
10062,Sad or unhappy feelings,3,3,4,n/a,n/a,3
10062,Sad or unhappy feelings,3,4,0,n/a,n/a,2
10062,Sad or unhappy feelings,3,4,1,n/a,n/a,2
10062,Sad or unhappy feelings,3,4,2,n/a,n/a,3
10062,Sad or unhappy feelings,3,4,3,n/a,n/a,3
10062,Sad or unhappy feelings,3,4,4,n/a,n/a,3
10062,Sad or unhappy feelings,4,0,0,n/a,n/a,1
10062,Sad or unhappy feelings,4,0,1,n/a,n/a,1
10062,Sad or unhappy feelings,4,0,2,n/a,n/a,1
10062,Sad or unhappy feelings,4,0,3,n/a,n/a,2
10062,Sad or unhappy feelings,4,0,4,n/a,n/a,2
10062,Sad or unhappy feelings,4,1,0,n/a,n/a,1
10062,Sad or unhappy feelings,4,1,1,n/a,n/a,1
10062,Sad or unhappy feelings,4,1,2,n/a,n/a,1
10062,Sad or unhappy feelings,4,1,3,n/a,n/a,2
10062,Sad or unhappy feelings,4,1,4,n/a,n/a,2
10062,Sad or unhappy feelings,4,2,0,n/a,n/a,2
10062,Sad or unhappy feelings,4,2,1,n/a,n/a,2
10062,Sad or unhappy feelings,4,2,2,n/a,n/a,2
10062,Sad or unhappy feelings,4,2,3,n/a,n/a,3
10062,Sad or unhappy feelings,4,2,4,n/a,n/a,3
10062,Sad or unhappy feelings,4,3,0,n/a,n/a,2
10062,Sad or unhappy feelings,4,3,1,n/a,n/a,2
10062,Sad or unhappy feelings,4,3,2,n/a,n/a,3
10062,Sad or unhappy feelings,4,3,3,n/a,n/a,3
10062,Sad or unhappy feelings,4,3,4,n/a,n/a,3
10062,Sad or unhappy feelings,4,4,0,n/a,n/a,2
10062,Sad or unhappy feelings,4,4,1,n/a,n/a,2
10062,Sad or unhappy feelings,4,4,2,n/a,n/a,3
10062,Sad or unhappy feelings,4,4,3,n/a,n/a,3
10062,Sad or unhappy feelings,4,4,4,n/a,n/a,3
10063,Shivering or shaking chills,0,0,n/a,n/a,n/a,0
10063,Shivering or shaking chills,1,0,n/a,n/a,n/a,1
10063,Shivering or shaking chills,1,1,n/a,n/a,n/a,1
10063,Shivering or shaking chills,1,2,n/a,n/a,n/a,1
10063,Shivering or shaking chills,1,3,n/a,n/a,n/a,2
10063,Shivering or shaking chills,1,4,n/a,n/a,n/a,2
10063,Shivering or shaking chills,2,0,n/a,n/a,n/a,1
10063,Shivering or shaking chills,2,1,n/a,n/a,n/a,1
10063,Shivering or shaking chills,2,2,n/a,n/a,n/a,1
10063,Shivering or shaking chills,2,3,n/a,n/a,n/a,2
10063,Shivering or shaking chills,2,4,n/a,n/a,n/a,2
10063,Shivering or shaking chills,3,0,n/a,n/a,n/a,1
10063,Shivering or shaking chills,3,1,n/a,n/a,n/a,1
10063,Shivering or shaking chills,3,2,n/a,n/a,n/a,2
10063,Shivering or shaking chills,3,3,n/a,n/a,n/a,2
10063,Shivering or shaking chills,3,4,n/a,n/a,n/a,2
10063,Shivering or shaking chills,4,0,n/a,n/a,n/a,1
10063,Shivering or shaking chills,4,1,n/a,n/a,n/a,1
10063,Shivering or shaking chills,4,2,n/a,n/a,n/a,2
10063,Shivering or shaking chills,4,3,n/a,n/a,n/a,3
10063,Shivering or shaking chills,4,4,n/a,n/a,n/a,3
10064,Shortness of breath,n/a,0,0,n/a,n/a,0
10064,Shortness of breath,n/a,1,0,n/a,n/a,1
10064,Shortness of breath,n/a,1,1,n/a,n/a,1
10064,Shortness of breath,n/a,1,2,n/a,n/a,1
10064,Shortness of breath,n/a,1,3,n/a,n/a,2
10064,Shortness of breath,n/a,1,4,n/a,n/a,2
10064,Shortness of breath,n/a,2,0,n/a,n/a,1
10064,Shortness of breath,n/a,2,1,n/a,n/a,1
10064,Shortness of breath,n/a,2,2,n/a,n/a,1
10064,Shortness of breath,n/a,2,3,n/a,n/a,2
10064,Shortness of breath,n/a,2,4,n/a,n/a,2
10064,Shortness of breath,n/a,3,0,n/a,n/a,1
10064,Shortness of breath,n/a,3,1,n/a,n/a,2
10064,Shortness of breath,n/a,3,2,n/a,n/a,2
10064,Shortness of breath,n/a,3,3,n/a,n/a,2
10064,Shortness of breath,n/a,3,4,n/a,n/a,3
10064,Shortness of breath,n/a,4,0,n/a,n/a,2
10064,Shortness of breath,n/a,4,1,n/a,n/a,2
10064,Shortness of breath,n/a,4,2,n/a,n/a,2
10064,Shortness of breath,n/a,4,3,n/a,n/a,3
10064,Shortness of breath,n/a,4,4,n/a,n/a,3
10065,Skin burns from radiation,n/a,0,n/a,n/a,n/a,0
10065,Skin burns from radiation,n/a,1,n/a,n/a,n/a,1
10065,Skin burns from radiation,n/a,2,n/a,n/a,n/a,1
10065,Skin burns from radiation,n/a,3,n/a,n/a,n/a,2
10065,Skin burns from radiation,n/a,4,n/a,n/a,n/a,3
10066,Skin cracking at the corners of your mouth,n/a,0,n/a,n/a,n/a,0
10066,Skin cracking at the corners of your mouth,n/a,1,n/a,n/a,n/a,1
10066,Skin cracking at the corners of your mouth,n/a,2,n/a,n/a,n/a,1
10066,Skin cracking at the corners of your mouth,n/a,3,n/a,n/a,n/a,2
10066,Skin cracking at the corners of your mouth,n/a,4,n/a,n/a,n/a,3
10067,Spots or lines (floaters) that drift in front of your eyes,n/a,n/a,n/a,n/a,0,0
10067,Spots or lines (floaters) that drift in front of your eyes,n/a,n/a,n/a,n/a,1,"Present, Clinician Assess"
10068,Stretch marks,n/a,n/a,n/a,n/a,0,0
10068,Stretch marks,n/a,n/a,n/a,n/a,1,"Present, Clinician Assess"
10069,Sudden urges to urinate,0,n/a,0,n/a,n/a,0
10069,Sudden urges to urinate,1,n/a,0,n/a,n/a,1
10069,Sudden urges to urinate,1,n/a,1,n/a,n/a,1
10069,Sudden urges to urinate,1,n/a,2,n/a,n/a,1
10069,Sudden urges to urinate,1,n/a,3,n/a,n/a,2
10069,Sudden urges to urinate,1,n/a,4,n/a,n/a,2
10069,Sudden urges to urinate,2,n/a,0,n/a,n/a,1
10069,Sudden urges to urinate,2,n/a,1,n/a,n/a,1
10069,Sudden urges to urinate,2,n/a,2,n/a,n/a,1
10069,Sudden urges to urinate,2,n/a,3,n/a,n/a,2
10069,Sudden urges to urinate,2,n/a,4,n/a,n/a,2
10069,Sudden urges to urinate,3,n/a,0,n/a,n/a,1
10069,Sudden urges to urinate,3,n/a,1,n/a,n/a,1
10069,Sudden urges to urinate,3,n/a,2,n/a,n/a,2
10069,Sudden urges to urinate,3,n/a,3,n/a,n/a,2
10069,Sudden urges to urinate,3,n/a,4,n/a,n/a,2
10069,Sudden urges to urinate,4,n/a,0,n/a,n/a,1
10069,Sudden urges to urinate,4,n/a,1,n/a,n/a,1
10069,Sudden urges to urinate,4,n/a,2,n/a,n/a,2
10069,Sudden urges to urinate,4,n/a,3,n/a,n/a,2
10069,Sudden urges to urinate,4,n/a,4,n/a,n/a,2
10070,Took too long to have an orgasm or climax,n/a,n/a,n/a,n/a,0,0
10070,Took too long to have an orgasm or climax,n/a,n/a,n/a,n/a,1,"Present, Clinician Assess"
10049,Unable to have an orgasm or climax,n/a,n/a,n/a,n/a,0,0
10049,Unable to have an orgasm or climax,n/a,n/a,n/a,n/a,1,"Present, Clinician Assess"
10017,Unexpected decrease in sweating,n/a,n/a,n/a,n/a,0,0
10017,Unexpected decrease in sweating,n/a,n/a,n/a,n/a,1,"Present, Clinician Assess"
10072,Unexpected or excessive sweating during the day or nighttime (not related to hot flashes),0,0,n/a,n/a,n/a,0
10072,Unexpected or excessive sweating during the day or nighttime (not related to hot flashes),1,0,n/a,n/a,n/a,1
10072,Unexpected or excessive sweating during the day or nighttime (not related to hot flashes),1,1,n/a,n/a,n/a,1
10072,Unexpected or excessive sweating during the day or nighttime (not related to hot flashes),1,2,n/a,n/a,n/a,1
10072,Unexpected or excessive sweating during the day or nighttime (not related to hot flashes),1,3,n/a,n/a,n/a,2
10072,Unexpected or excessive sweating during the day or nighttime (not related to hot flashes),1,4,n/a,n/a,n/a,2
10072,Unexpected or excessive sweating during the day or nighttime (not related to hot flashes),2,0,n/a,n/a,n/a,1
10072,Unexpected or excessive sweating during the day or nighttime (not related to hot flashes),2,1,n/a,n/a,n/a,1
10072,Unexpected or excessive sweating during the day or nighttime (not related to hot flashes),2,2,n/a,n/a,n/a,1
10072,Unexpected or excessive sweating during the day or nighttime (not related to hot flashes),2,3,n/a,n/a,n/a,2
10072,Unexpected or excessive sweating during the day or nighttime (not related to hot flashes),2,4,n/a,n/a,n/a,2
10072,Unexpected or excessive sweating during the day or nighttime (not related to hot flashes),3,0,n/a,n/a,n/a,1
10072,Unexpected or excessive sweating during the day or nighttime (not related to hot flashes),3,1,n/a,n/a,n/a,1
10072,Unexpected or excessive sweating during the day or nighttime (not related to hot flashes),3,2,n/a,n/a,n/a,2
10072,Unexpected or excessive sweating during the day or nighttime (not related to hot flashes),3,3,n/a,n/a,n/a,2
10072,Unexpected or excessive sweating during the day or nighttime (not related to hot flashes),3,4,n/a,n/a,n/a,2
10072,Unexpected or excessive sweating during the day or nighttime (not related to hot flashes),4,0,n/a,n/a,n/a,1
10072,Unexpected or excessive sweating during the day or nighttime (not related to hot flashes),4,1,n/a,n/a,n/a,1
10072,Unexpected or excessive sweating during the day or nighttime (not related to hot flashes),4,2,n/a,n/a,n/a,2
10072,Unexpected or excessive sweating during the day or nighttime (not related to hot flashes),4,3,n/a,n/a,n/a,3
10072,Unexpected or excessive sweating during the day or nighttime (not related to hot flashes),4,4,n/a,n/a,n/a,3
10073,Unusual darkening of the skin,n/a,n/a,n/a,n/a,0,0
10073,Unusual darkening of the skin,n/a,n/a,n/a,n/a,1,"Present, Clinician Assess"
10074,Unusual vaginal discharge,n/a,n/a,n/a,0,n/a,0
10074,Unusual vaginal discharge,n/a,n/a,n/a,1,n/a,1
10074,Unusual vaginal discharge,n/a,n/a,n/a,2,n/a,1
10074,Unusual vaginal discharge,n/a,n/a,n/a,3,n/a,2
10074,Unusual vaginal discharge,n/a,n/a,n/a,4,n/a,2
10075,Urine color change,n/a,n/a,n/a,n/a,0,0
10075,Urine color change,n/a,n/a,n/a,n/a,1,1
10076,Vaginal dryness,n/a,0,n/a,n/a,n/a,0
10076,Vaginal dryness,n/a,1,n/a,n/a,n/a,1
10076,Vaginal dryness,n/a,2,n/a,n/a,n/a,1
10076,Vaginal dryness,n/a,3,n/a,n/a,n/a,2
10076,Vaginal dryness,n/a,4,n/a,n/a,n/a,3
10077,Voice changes,n/a,n/a,n/a,n/a,0,0
10077,Voice changes,n/a,n/a,n/a,n/a,1,"Present, Clinician Assess"
10078,Vomiting,0,0,n/a,n/a,n/a,0
10078,Vomiting,1,0,n/a,n/a,n/a,1
10078,Vomiting,1,1,n/a,n/a,n/a,1
10078,Vomiting,1,2,n/a,n/a,n/a,1
10078,Vomiting,1,3,n/a,n/a,n/a,2
10078,Vomiting,1,4,n/a,n/a,n/a,2
10078,Vomiting,2,0,n/a,n/a,n/a,1
10078,Vomiting,2,1,n/a,n/a,n/a,1
10078,Vomiting,2,2,n/a,n/a,n/a,1
10078,Vomiting,2,3,n/a,n/a,n/a,2
10078,Vomiting,2,4,n/a,n/a,n/a,2
10078,Vomiting,3,0,n/a,n/a,n/a,1
10078,Vomiting,3,1,n/a,n/a,n/a,1
10078,Vomiting,3,2,n/a,n/a,n/a,2
10078,Vomiting,3,3,n/a,n/a,n/a,2
10078,Vomiting,3,4,n/a,n/a,n/a,2
10078,Vomiting,4,0,n/a,n/a,n/a,1
10078,Vomiting,4,1,n/a,n/a,n/a,1
10078,Vomiting,4,2,n/a,n/a,n/a,2
10078,Vomiting,4,3,n/a,n/a,n/a,3
10078,Vomiting,4,4,n/a,n/a,n/a,3
10079,Watery eyes (tearing),n/a,0,0,n/a,n/a,0
10079,Watery eyes (tearing),n/a,1,0,n/a,n/a,1
10079,Watery eyes (tearing),n/a,1,1,n/a,n/a,1
10079,Watery eyes (tearing),n/a,1,2,n/a,n/a,1
10079,Watery eyes (tearing),n/a,1,3,n/a,n/a,2
10079,Watery eyes (tearing),n/a,1,4,n/a,n/a,2
10079,Watery eyes (tearing),n/a,2,0,n/a,n/a,1
10079,Watery eyes (tearing),n/a,2,1,n/a,n/a,1
10079,Watery eyes (tearing),n/a,2,2,n/a,n/a,1
10079,Watery eyes (tearing),n/a,2,3,n/a,n/a,2
10079,Watery eyes (tearing),n/a,2,4,n/a,n/a,2
10079,Watery eyes (tearing),n/a,3,0,n/a,n/a,1
10079,Watery eyes (tearing),n/a,3,1,n/a,n/a,2
10079,Watery eyes (tearing),n/a,3,2,n/a,n/a,2
10079,Watery eyes (tearing),n/a,3,3,n/a,n/a,2
10079,Watery eyes (tearing),n/a,3,4,n/a,n/a,3
10079,Watery eyes (tearing),n/a,4,0,n/a,n/a,2
10079,Watery eyes (tearing),n/a,4,1,n/a,n/a,2
10079,Watery eyes (tearing),n/a,4,2,n/a,n/a,2
10079,Watery eyes (tearing),n/a,4,3,n/a,n/a,3
10079,Watery eyes (tearing),n/a,4,4,n/a,n/a,3
10080,Wheezing (whistling noise in the chest with breathing),n/a,0,n/a,n/a,n/a,0
10080,Wheezing (whistling noise in the chest with breathing),n/a,1,n/a,n/a,n/a,1
10080,Wheezing (whistling noise in the chest with breathing),n/a,2,n/a,n/a,n/a,1
10080,Wheezing (whistling noise in the chest with breathing),n/a,3,n/a,n/a,n/a,2
10080,Wheezing (whistling noise in the chest with breathing),n/a,4,n/a,n/a,n/a,3
