llt_code,llt_name,pt_code,llt_whoart_code,llt_harts_code,llt_costart_sym,llt_icd9_code,llt_icd9cm_code,llt_icd10_code,llt_currency,llt_jart_code
10000045,Abdomen enlarged,10000060,711001,5,ABDO ENLARGE,,,,Y,814
10000046,Abdomen enlarged feeling of,10000060,,,,,,,Y,84106
10000055,Abdominal colic,10000081,,,,,,,Y,
10000056,Abdominal cramp,10000081,,,PAIN ABDO,,,,Y,
10000057,Abdominal cramps,10000081,,,,,,,Y,
10000058,Abdominal crampy pains,10000081,,,,,,,Y,
10000060,Abdominal distension,10000060,711005,,ABDO ENLARGE,,,,Y,
10000061,Abdominal distension gaseous,10000060,711004,,,,,,Y,81402
10000065,Abdominal fullness,10000060,,,,,,,Y,
10000081,Abdominal pain,10000081,268001,3880,PAIN ABDO,789,789,,Y,812
10000082,Abdominal pain generalised,10000081,,,,,,,Y,
10000083,Abdominal pain localised,10000081,,,,,,,Y,
10000085,Abdominal pain NOS,10000081,,,,,,,Y,
10000107,Abdominal wind,10016766,,,,,,,Y,
10000128,Abnormal ejaculation,10014326,,1665,EJACULAT ABNORM,,,,Y,
10000357,Accelerated hair loss,10001760,,,,,,,Y,
10000424,Ache,10033371,,,PAIN,,,,Y,
10000428,Ache NOS,10033371,,,,,,,Y,
10000430,Ache wrists,10003239,,,,,,,Y,
10000444,Aching (l) knee,10003239,,,,,,,Y,
10000445,Aching (r) knee,10003239,,,,,,,Y,
10000447,Aching in knees,10003239,,,,,,,Y,
10000449,Aching joints,10003239,,,,,,,Y,
10000460,Acid dyspepsia,10013946,,,,,,,Y,
10000464,Acid indigestion,10013946,279003,,DYSPEPSIA,,,,Y,38403
10000520,Acneiform dermatitis,10012432,1003,,ACNE,,,,Y,29903
10000659,Acute allergic urticaria,10046735,,,,,,,Y,
10000705,Acute dermatitis due to solar radiation,10034972,,,,,692.72,,Y,
10000706,Acute diarrhea,10012735,,,,,,,Y,
10001106,Acute urticaria,10046735,,,,,,,Y,
10001464,After taste,10013911,,,TASTE PERVERS,,,,Y,
10001483,Aggravated ringing in ears,10043882,,,,,,,Y,
10001485,Aggravation of hot flushes,10060800,,,,,,,Y,
10001529,Air hunger,10013968,517004,,HYPERVENTIL,,,,Y,7803
10001530,Air in intestines,10016766,,,,,,,Y,
10001531,Air in stomach,10016766,,,,,,,Y,
10001734,Allergic urticaria,10046735,,,,708,708,,Y,
10001760,Alopecia,10001760,2001,200,ALOPECIA,704,704,,Y,594
10001763,Alopecia reversible,10001760,,,,,,,Y,59409
10001768,"Alopecia, unspecified",10001760,,,,,704,,Y,
10002505,Angor animi,10002855,166017,,,,,,Y,
10002507,Anguish,10002855,,,,,,,Y,80405
10002509,Angular cheilitis,10008417,,,,,,,Y,
10002510,Angular stomatitis,10008417,,,,,,,Y,7202
10002542,Ankle edema,10030124,,,EDEMA PERIPH,,,,Y,
10002546,Ankle oedema,10030124,399004,,,,,,Y,36201
10002646,Anorexia,10061428,165001,395,ANOREXIA,783,783,,Y,402
10002652,Anorgasmia,10002652,1220001,397,ANORGASMIA,,,,Y,2470
10002739,Antibiotic-associated diarrhea,10012735,,,,,,,Y,
10002855,Anxiety,10002855,166001,430,ANXIETY,,,,Y,804
10002856,Anxiety attack,10002855,166015,,ANXIETY,,,,Y,80406
10002857,Anxiety complex,10002855,166013,,ANXIETY,,,,Y,80419
10002858,Anxiety depression,10012378,,,,,,,Y,
10002865,Anxiety reaction,10002855,166003,,ANXIETY,,,,Y,80417
10002866,Anxiety state,10002855,166004,,ANXIETY,,,,Y,80414
10002867,"Anxiety state, unspecified",10002855,,,,,300,,Y,
10002870,Anxiety symptoms NOS,10002855,,,,,,,Y,
10002871,Anxiety-ridden,10002855,166006,,ANXIETY,,,,Y,80416
10002873,Anxious depression,10012378,,,,,,,Y,
10002875,Anxious mood,10002855,,,,,,,Y,
10003017,Appetite absent,10061428,165005,,ANOREXIA,,,,Y,40203
10003020,Appetite decreased NOS,10061428,,,ANOREXIA,,,,Y,40204
10003025,Appetite impaired,10061428,165006,,ANOREXIA,,,,Y,40202
10003028,Appetite lost,10061428,165003,,ANOREXIA,,,,Y,40205
10003030,Appetite suppressed,10061428,,,,,,,Y,
10003031,Appetite suppression,10061428,165007,,,,,,Y,
10003061,Apprehension,10002855,166007,,ANXIETY,,,,Y,80408
10003239,Arthralgia,10003239,63001,505,ARTHRALGIA,,,,Y,116
10003240,Arthralgia aggravated,10003239,63006,,,,,,Y,
10003241,Arthralgia lumbar,10003239,,,,,,,Y,11602
10003242,Arthralgia multiple,10003239,,,,,,,Y,11606
10003243,Arthralgia of temporomandibular joint,10003239,,,,,524.62,,Y,
10003244,Arthritic pains,10003239,,,,,,,Y,
10003245,Arthritic-like pain,10003239,63003,,,,,,Y,11601
10003669,Atrichia,10001760,2005,,ALOPECIA,,,,Y,59405
10003670,Atrichosis,10001760,2008,,ALOPECIA,,,,Y,59406
10003729,Attention concentration difficulty,10013496,,,,,,,Y,33414
10003738,Attention impaired,10013496,,,,,,,Y,
10003740,Attentiveness decreased,10013496,,,,,,,Y,33415
10003748,Atypical depressive disorder,10012378,,,,,296.82,,Y,
10004082,Baldness,10001760,2006,,ALOPECIA,,,,Y,59403
10004682,Bilious vomiting,10047700,,,,,,,Y,6304
10005046,Bladder incontinence,10046543,156007,,INCONTIN URIN,,,,Y,70905
10005124,Bleeding nose,10015090,,,EPISTAXIS,,,,Y,
10005264,Bloated feeling,10000060,,,,,,,Y,
10005265,Bloating,10000060,285008,,FLATUL,,,,Y,84104
10005267,Bloating NOS,10000060,,,,,,,Y,
10005886,Blurred vision,10047513,,205,AMBLYOPIA,,,,Y,
10005887,Blurring of eyes,10047513,,,,,,,Y,
10005888,Blurring of vision,10047513,,,,,,,Y,
10005889,Blurry vision,10047513,,,,,,,Y,
10005901,Body odor,10040904,,747,BODY ODOR,,,,Y,
10005902,Body odour,10040904,1392001,,,,,,Y,2482
10005905,Body smell altered,10040904,,,,,,,Y,78401
10006244,Breast enlargement male,10018800,346003,,GYNECOMASTIA,,,,Y,40501
10006245,Breast enlargement male bilateral,10018800,,,GYNECOMASTIA,,,,Y,
10006332,Breath shortness,10013968,514003,,DYSPNEA,,,,Y,26902
10006338,Breathing difficult,10013968,514008,,DYSPNEA,,,,Y,26905
10006345,Breathlessness,10013968,,,,,,,Y,
10006358,Brief depressive reaction,10012378,,,,309,,,Y,
10006373,Brittle nails,10048886,20008,,,,,,Y,65708
10006502,Bruise,10050584,459004,,ECCHYMOSIS,,,,Y,34905
10006503,Bruise of head,10050584,,,,,,,Y,
10006504,Bruising,10050584,,,,,,,Y,
10006505,Bruising of arm,10050584,,,,,,,Y,
10006506,Bruising of chest,10050584,,,,,,,Y,
10006507,Bruising of face,10050584,,,,,,,Y,
10006508,Bruising of foot,10050584,,,,,,,Y,
10006509,Bruising of hand,10050584,,,,,,,Y,
10006510,Bruising of leg,10050584,,,,,,,Y,
10006511,Bruising of thigh,10050584,,,,,,,Y,
10006512,Bruising of trunk,10050584,,,,,,,Y,
10006525,Buccal inflammation,10042128,327004,,STOMATITIS,,,,Y,25701
10007927,Central abdominal pain,10000081,,,,,,,Y,
10008013,Cephalgia,10019211,109003,,HEADACHE,,,,Y,50815
10008417,Cheilitis,10008417,270001,980,CHEILITIS,,,,Y,252
10008531,Chills,10008531,731004,990,CHILLS,,,,Y,6402
10008796,Chromaturia,10008796,,,URIN ABNORM,,,,Y,
10009142,Chronic skin ulcer,10040943,,,,,,,Y,
10009144,Chronic skin ulcer of unspecified site,10040943,,,,,707.9,,Y,
10009155,Chronic ulcer of skin,10040943,,,,707,707,,Y,
10009156,"Chronic ulcer of skin, other specified sites",10040943,,,,707.8,,,Y,
10009157,"Chronic ulcer of skin, unspecified site",10040943,,,,707.9,,,Y,
10009165,Churning of stomach,10028813,,,,,,,Y,
10009850,Coitus painful,10013941,,,DYSPAREUNIA,,,,Y,
10009881,Colic,10000081,,,PAIN,,,,Y,
10009882,Colic abdominal,10000081,268011,,PAIN ABDO,,,,Y,81221
10009886,Colicky,10000081,,,,,,,Y,
10010247,Concentration (mental) abnormal,10013496,,,THINKING ABNORM,,,,Y,
10010248,Concentration ability impaired,10013496,,1177,,,,,Y,
10010249,Concentration impaired,10013496,1127001,,THINKING ABNORM,,,,Y,2110
10010250,Concentration impairment,10013496,,,,,,,Y,
10010251,Concentration loss,10013496,,,,,,,Y,211001
10010774,Constipation,10010774,204001,1190,CONSTIP,564,564,,Y,832
10010775,Constipation (excl faecal impaction),10010774,,,,,,,Y,
10010837,Contusion of abdominal wall,10050584,,,,922.2,922.2,,Y,
10010838,Contusion of ankle,10050584,,,,,924.21,,Y,
10010840,Contusion of axillary region,10050584,,,,,923.02,,Y,
10010841,Contusion of back,10050584,,,,922.3,922.3,,Y,
10010842,Contusion of breast,10050584,,,,922,922,,Y,
10010843,Contusion of chest wall,10050584,,,,922.1,922.1,,Y,
10010844,Contusion of elbow,10050584,,,,,923.11,,Y,
10010851,Contusion of finger,10050584,,,,923.3,923.3,,Y,
10010852,Contusion of foot,10050584,,,,,924.2,,Y
10010853,Contusion of forearm,10050584,,,,,923.1,,Y
10010855,Contusion of hand(s),10050584,,,,,923.2,,Y
10010858,Contusion of hip,10050584,,,,,924.01,,Y
10010860,Contusion of knee,10050584,,,,,924.11,,Y
10010862,Contusion of lower leg,10050584,,,,,924.1,,Y
10010866,Contusion of multiple sites of lower limb,10050584,,,,924.4,924.4,,Y
10010868,Contusion of multiple sites of trunk,10050584,,,,922.8,922.8,,Y
10010869,Contusion of multiple sites of upper limb,10050584,,,,923.8,923.8,,Y
10010872,Contusion of scapular region,10050584,,,,,923.01,,Y
10010874,Contusion of shoulder region,10050584,,,,,923,,Y
10010875,Contusion of thigh,10050584,,,,,924,,Y
10010876,Contusion of toe,10050584,,,,924.3,924.3,,Y
10010877,Contusion of trunk,10050584,,,,922,922,,Y
10010878,Contusion of unspecified part of lower limb,10050584,,,,924.5,924.5,,Y
10010879,Contusion of unspecified part of trunk,10050584,,,,922.9,922.9,,Y
10010880,Contusion of unspecified part of upper limb,10050584,,,,923.9,923.9,,Y,
10010881,Contusion of unspecified site,10050584,,,,924.9,924.9,,Y,
10010882,Contusion of upper arm,10050584,,,,,923.03,,Y,
10010883,Contusion of upper limb,10050584,,,,923,923,,Y,
10010884,Contusion of wrist,10050584,,,,,923.21,,Y,
10011224,Cough,10011224,,,,786.2,786.2,,Y,
10011228,Cough increased,10011224,,1250,COUGH INC,,,,Y,
10011229,Cough nonproductive,10011224,,,COUGH INC,,,,Y,
10011230,Cough resembling asthma,10011224,,,,,,,Y,
10011232,Coughing,10011224,513001,,COUGH INC,,,,Y,522
10011249,Coxalgia,10003239,,,,,,,Y,
10011286,Cramp abdominal,10000081,268012,,PAIN ABDO,,,,Y,81219
10011990,Deep dyspareunia,10013941,,,,,,,Y,
10012173,Deglutition disorder,10013950,280004,,DYSPHAGIA,,,,Y,5904
10012376,Depressed reaction,10012378,172008,,DEPRESSION,,,,Y,89706
10012377,Depressed state,10012378,172006,,DEPRESSION,,,,Y,89705
10012378,Depression,10012378,172001,1390,DEPRESSION,,,,Y,897
10012379,Depression aggravated,10012378,967001,,DEPRESSION,,,,Y,2200
10012385,Depression functional,10012378,,,DEPRESSION,,,,Y,
10012386,Depression mental,10012378,172003,,DEPRESSION,,,,Y,89703
10012387,Depression NOS,10012378,,,,,,,Y,
10012395,Depression reactive,10012378,,,DEPRESSION,,,,Y,
10012398,Depression worsened,10012378,,,DEPRESSION,,,,Y,
10012399,Depressive disorder,10012378,,,,,,,Y,
10012402,Depressive episode,10012378,,,,,,,Y,
10012403,Depressive illness,10012378,,,,,,,Y,
10012406,Depressive reaction,10012378,,,,,,,Y,
10012407,Depressive stupor,10012378,,,,,,,Y,4305
10012432,Dermatitis acneiform,10012432,,,,,,,Y,
10012482,Dermatitis of exposed site,10034972,,,,,,,Y,25306
10012485,Dermatitis photosensitive,10034972,,,,,,,Y,25302
10012487,Dermatitis radiation NOS,10063562,,,,,,,Y,
10012703,Diaphoresis,10020642,43003,,SWEAT,,,,Y,74905
10012727,Diarrhea,10012735,,1435,DIARRHEA,,787.91,,Y,
10012728,Diarrhea aggravated,10012735,,,,,,,Y,
10012732,Diarrhea NOS,10012735,,,,,,,Y,
10012735,Diarrhoea,10012735,205001,,DIARRHEA,,,,Y,222
10012737,Diarrhoea aggravated,10012735,205005,,,,,,Y,
10012740,Diarrhoea functional (due to spastic colon),10012735,,,,,,,Y,
10012745,Diarrhoea NOS,10012735,,,,,,,Y,
10012790,Difficult digestion,10013946,,,,,,,Y,
10012791,Difficulty breathing,10013968,,,,,,,Y,
10012792,Difficulty focusing eyes,10047513,,,VISION ABNORM,,,,Y,
10012804,Difficulty sleeping,10022437,,,,,,,Y,
10012980,Digestion impaired,10013946,279004,,DYSPEPSIA,,,,Y,38409
10013069,Discharge vaginal,10046901,,,LEUKORRHEA,,,,Y,
10013075,Discoloration nail,10028692,,,NAIL DIS,,,,Y,
10013080,Discoloration urine,10008796,,,URIN ABNORM,,,,Y,
10013213,Disorder deglutition,10013950,,,DYSPHAGIA,,,,Y,
10013480,Distended abdomen,10000060,,,,,,,Y,
10013481,Distension NOS,10000060,,,,,,,Y,
10013482,Distention,10000060,,,FLATUL,,,,Y,
10013483,Distorted voice,10013952,,,,,,,Y,
10013490,Distress epigastric,10013946,,,DYSPEPSIA,,,,Y,
10013496,Disturbance in attention,10013496,,,,,,,Y,
10013499,Disturbance in loudness,10013952,,,,,,,Y,
10013573,Dizziness,10013573,101001,1470,DIZZINESS,,,,Y,869
10013580,Dizzy,10013573,,,,,,,Y,
10013582,Dizzy spells,10013573,,,,,,,Y,
10013635,Drenching sweats,10020642,,,,,,,Y,
10013639,Dribbling of urine,10046543,,,,,,,Y,
10013773,Dry cough,10011224,,,,,,,Y,
10013781,Dry mouth,10013781,,1490,DRY MOUTH,,,,Y,
10013786,Dry skin,10013786,,4665,SKIN DRY,,,,Y,
10013794,Dryness oral,10013781,,,DRY MOUTH,,,,Y,
10013796,Dryness vaginal,10047791,,,VAGINITIS,,,,Y,
10013860,Duodenal ulcer-type symptoms,10000081,,,,,,,Y,
10013911,Dysgeusia,10013911,267009,,,,,,Y,85513
10013941,Dyspareunia,10013941,848001,1530,DYSPAREUNIA,625,625,,Y,511
10013942,Dyspareunia (female excl psychogenic),10013941,,,,,,,Y,
10013943,Dyspareunia (male excl psychogenic),10013941,,,,,,,Y,
10013944,Dyspareunia NOS,10013941,,,,,,,Y,
10013945,Dyspareunia psychogenic,10013941,,,,,,,Y,
10013946,Dyspepsia,10013946,279001,1535,DYSPEPSIA,,,,Y,384
10013947,Dyspepsia aggravated,10013946,,,,,,,Y,
10013950,Dysphagia,10013950,280001,1540,DYSPHAGIA,787.2,787.2,,Y,59
10013952,Dysphonia,10013952,103001,,VOICE ALTERAT,,,,Y,66
10013963,Dyspnea,10013968,,1545,DYSPNEA,786,,,Y,
10013965,Dyspnea exacerbated,10013968,,,,,,,Y,
10013968,Dyspnoea,10013968,514001,,DYSPNEA,,,,Y,269
10013970,Dyspnoea exacerbated,10013968,,,,,,,Y,
10013972,Dyspnoea NOS,10013968,,,,,,,Y,
10013996,Ear buzzing,10043882,264006,,TINNITUS,,,,Y,35607
10014001,Ear crackling,10043882,,,TINNITUS,,,,Y,
10014010,Ear hissing,10043882,264008,,TINNITUS,,,,Y,35603
10014018,Ear noises,10043882,264003,,TINNITUS,,,,Y,35604
10014023,Ear ringing,10043882,264004,,TINNITUS,,,,Y,35605
10014024,Ear roaring,10043882,264005,,TINNITUS,,,,Y,35606
10014214,Edema arms,10030124,,,,,,,Y,
10014220,Edema extremities,10030124,,,EDEMA PERIPH,,,,Y,
10014230,Edema legs,10030124,,,EDEMA PERIPH,,,,Y,
10014232,Edema lower limb,10030124,,,,,,,Y,
10014236,Edema of extremities,10030124,,,EDEMA PERIPH,,,,Y,
10014239,Edema of legs,10030124,,,,,,,Y,
10014251,Edema peripheral,10030124,,,EDEMA PERIPH,,,,Y,
10014259,Edema upper limb,10030124,,,,,,,Y,
10014263,Edematous feet,10030124,,,,,,,Y,
10014323,Ejaculation abnormal,10014326,,,EJACULAT ABNORM,,,,Y,
10014326,Ejaculation disorder,10014326,1271001,,EJACULAT ABNORM,,,,Y,2302
10014327,Ejaculation disorder NOS,10014326,,,,,,,Y,
10014542,Emesis,10047700,228003,,VOMIT,,,,Y,6301
10014842,Enlargement abdomen,10000060,,,ABDO ENLARGE,,,,Y,
10014844,Enlargement breast male,10018800,,,GYNECOMASTIA,,,,Y,
10015015,Epigastric burning,10013946,,,DYSPEPSIA,,,,Y,
10015016,Epigastric distress,10013946,,,DYSPEPSIA,,,,Y,
10015017,Epigastric food-related pain,10013946,279006,,PAIN ABDO,,,,Y,38410
10015018,Epigastric fullness,10000060,,,,,,,Y,38411
10015068,Epiphora,10023644,1462001,,LACRIMATION DIS,375.2,375.2,,Y,2530
10015069,Epiphora due to excess lacrimation,10023644,,,,,375.21,,Y,
10015070,Epiphora due to insufficient drainage,10023644,,,,,375.22,,Y,
10015071,"Epiphora, unspecified as to cause",10023644,,,,,375.2,,Y,
10015090,Epistaxis,10015090,515001,1820,EPISTAXIS,784.7,784.7,,Y,769
10015116,Erectile disturbance,10061461,,,,,,,Y,
10015117,Erection decreased,10061461,182004,,IMPOTENCE,,,,Y,82103
10015118,Erection failure,10061461,,,,,,,Y,
10015119,Erection inadequate,10061461,,,IMPOTENCE,,,,Y,
10015142,Eruption of exposed site,10034972,,,,,,,Y,25305
10015238,Erythema urticarial,10046735,,,,,,,Y,26316
10015574,Exacerbation of anxiety,10002855,,,,,,,Y,
10015577,Exacerbation of hot flushes,10060800,,,,,,,Y,
10015579,Exacerbation of pain,10033371,,,,,,,Y,
10015590,Excess sweating,10020642,,,,,,,Y,
10015591,Excess tears,10023644,,,,,,,Y,
10015604,Excessive flatulence,10016766,,,,,,,Y,
10015667,Exhaustion,10016256,716008,,ASTHENIA,,,,Y,86405
10015668,Exhaustion due to excessive exertion,10016256,,,,994.5,994.5,,Y,
10015669,Exhaustion due to exposure,10016256,,,,994.4,994.4,,Y,
10015675,Exogenous depression,10012378,,,,,,,Y,
10015676,Exogenous photosensitive eruption,10034972,,,,,,,Y,
10015704,Explosive diarrhoea,10012735,,,,,,,Y,
10015886,Extremities itchy sensation of,10037087,,,,,,,Y,56410
10015924,Eye floaters,10028623,,,VITREOUS DIS,,,,Y,
10016015,Eyes tearing,10023644,,,LACRIMATION DIS,,,,Y,
10016092,Faecal incontinence,10016092,107001,,INCONTIN FECAL,,,,Y,827
10016252,Fatigability,10016256,,,ASTHENIA,,,,Y,80007
10016253,Fatigability generalized,10016256,,,,,,,Y,80506
10016254,Fatigability lumbar,10016256,,,,,,,Y,80008
10016255,Fatigability of knees,10016256,,,,,,,Y,80009
10016256,Fatigue,10016256,724001,,ASTHENIA,,,,Y,800
10016257,Fatigue extreme,10016256,716009,,,,,,Y,86402
10016259,Fatigueability,10016256,724003,,,,,,Y,80001
10016296,Fecal incontinence,10016092,,2890,INCONTIN FECAL,,,,Y,
10016310,Feces incontinence of,10016092,,,INCONTIN FECAL,,,,Y,
10016323,Feeling anxious,10002855,,,,,,,Y,
10016348,Feeling of fullness in abdomen,10000060,,,,,,,Y,
10016349,Feeling of gastrointestinal fullness,10000060,,,,,,,Y,
10016350,Feeling of hot flushes,10060800,,,,,,,Y,84315
10016351,Feeling of intense apprehension,10002855,,,,,,,Y,
10016361,Feeling queasy,10028813,728006,,NAUSEA,,,,Y,80511
10016379,Felt faint,10013573,,,,,,,Y,
10016381,Felt giddy,10013573,,,,,,,Y,
10016696,Fingers swollen feeling of,10030124,,,,,,,Y,84909
10016752,Flash hot,10060800,,,VASODILAT,,,,Y,
10016753,Flash vision,10034962,1172003,,,,,,Y,208001
10016757,Flashing lights,10034962,,,,,,,Y,
10016758,Flashing vision,10034962,,,,,,,Y,
10016766,Flatulence,10016766,285001,2030,FLATUL,,,,Y,841
10016768,Flatulent dyspepsia,10013946,,,,,,,Y,
10016769,Flatus,10016766,285005,,FLATUL,,,,Y,84109
10016771,Flatus increased,10016766,,,,,,,Y,84108
10016778,Floaters,10028623,,,,,,,Y,
10016779,Floaters in eye,10028623,,,VITREOUS DIS,,,,Y,
10016780,Floaters vitreous,10028623,,,,,,,Y,
10016820,Flush hot,10060800,,,VASODILAT,,,,Y,
10016875,Fog in front of eyes,10047513,,,,,,,Y,
10016968,Foot edema,10030124,,,,,,,Y,
10016971,Foot oedema,10030124,,,,,,,Y,
10016980,Foot ulcer,10040943,,,,,,,Y,
10016998,Forehead headache,10019211,,,,,,,Y,50808
10017060,Forgetfulness,10027175,164005,,AMNESIA,,,,Y,22605
10017331,Frank diarrhoea,10012735,,,,,,,Y,
10017364,Frequency of micturition,10036018,,,,,,,Y,
10017366,Frequency urinary,10036018,,,URIN FREQUENCY,,,,Y,
10017380,Frontal-parietal thinning,10001760,,,,,,,Y,
10017467,Fullness abdominal,10000060,285006,,FLATUL,,,,Y,84105
10017468,Fullness head,10019211,,,HEADACHE,,,,Y,
10017495,Functional diarrhea,10012735,,,,,564.5,,Y,
10017496,Functional diarrhoea,10012735,,,,564.5,,,Y,
10017497,Functional diarrhoea (due to spastic colon),10012735,,,,,,,Y,
10017735,Gas,10016766,,,,,,,Y,
10017736,Gas evolution in intestine,10016766,,,,,,,Y,84103
10017738,Gas in stomach,10016766,,,ERUCTAT,,,,Y,
10017739,Gas pain,10016766,,,PAIN ABDO,,,,Y,
10017743,Gaseousness,10016766,,,,,,,Y,
10017745,Gasping,10013968,514004,,DYSPNEA,,,,Y,26901
10017953,Gastrointestinal fullness,10000060,,2047,,,,,Y,
10018074,Generalised aching,10033371,,,,,,,Y,
10018086,Generalised joint pains,10003239,,,,,,,Y,
10018089,Generalised muscle aches,10028411,,,,,,,Y,
10018093,Generalised raised red spots limbs,10037868,,,,,,,Y,
10018094,Generalised raised red spots trunk,10037868,,,,,,,Y,
10018102,Generalised urticarial,10046735,,,,,,,Y,
10018103,Generalised urticarial rash,10046735,,,,,,,Y,
10018263,Giddiness,10013573,101004,,DIZZINESS,,,,Y,86907
10018726,Griping abdomen,10000081,,,,,,,Y,
10018727,Griping abdominal,10000081,268005,,GASTROENTERITIS,,,,Y,81222
10018800,Gynaecomastia,10018800,346001,,GYNECOMASTIA,,,,Y,405
10018801,Gynecomastia,10018800,,2270,GYNECOMASTIA,,,,Y,
10018804,Habit vomiting,10047700,,,,536.2,,,Y,
10018986,Haemorrhage nasal,10015090,515004,,,,,,Y,76902
10019045,Hair loss,10001760,2007,,ALOPECIA,,,,Y,59408
10019050,Hair thinning,10001760,2003,,ALOPECIA,,,,Y,59407
10019111,Hand and foot syndrome,10033553,,,,,,,Y,1324
10019121,Hand swelling,10030124,,,,,,,Y,
10019126,Hand-and-foot syndrome,10033553,,,,,,,Y,
10019195,Head fullness,10019211,109007,,HEADACHE,,,,Y,50810
10019198,Head pain,10019211,109008,,HEADACHE,,,,Y,50807
10019200,Head pressure,10019211,109009,,HEADACHE,,,,Y,50809
10019204,Head throbbing,10019211,,,,,,,Y,50814
10019211,Headache,10019211,109001,2285,HEADACHE,784,784,,Y,508
10019212,Headache (except migraine) aggravated,10019211,,,,,,,Y,
10019215,Headache dull,10019211,,,,,,,Y,50805
10019216,Headache fullness,10019211,,,,,,,Y,
10019218,Headache NOS,10019211,,,,,,,Y,
10019219,Headache NOS aggravated,10019211,,,,,,,Y,
10019220,Headache occurring,10019211,,,,,,,Y,
10019225,Headache temporal,10019211,,,,,,,Y,
10019227,Headache transient,10019211,,,,,,,Y,50801
10019297,Heart pounding,10033557,221004,,PALPITAT,,,,Y,41304
10019313,Heart throbbing,10033557,221005,,PALPITAT,,,,Y,41305
10019326,Heartburn,10013946,279007,,DYSPEPSIA,787.1,787.1,,Y,38414
10019327,Heartburn aggravated,10013946,279013,,,,,,Y,
10019328,Heartburn-like dyspepsia,10013946,,,,,,,Y,
10019362,Heavy sweating,10020642,,,,,,,Y,
10019378,Heliosensitive rash,10034972,,,,,,,Y,
10019561,Hemorrhage nasal,10015090,,,EPISTAXIS,,,,Y,
10020037,Hiccough,10020039,300003,,HICCUP,786.8,786.8,,Y,36101
10020038,Hiccup,10020039,300001,2545,HICCUP,,,,Y,361
10020039,Hiccups,10020039,,,,,,,Y,
10020114,Histamine-like rash,10046735,,,,,,,Y,
10020197,Hives,10046735,44005,,URTICARIA,,,,Y,49501
10020200,Hoarse voice,10013952,,,,,,,Y,
10020201,Hoarseness,10013952,103004,,VOICE ALTERAT,,,,Y,6603
10020202,Hoarseness of voice,10013952,,,,,,,Y,
10020403,Hot dry skin,10013786,1600001,,,,,,Y,2579
10020407,Hot flashes,10060800,,2557,VASODILAT,,,,Y,
10020408,Hot flushes,10060800,726001,,VASODILAT,,,,Y,843
10020409,Hot flushes aggravated,10060800,,,,,,,Y,
10020410,Hot flushes facial,10060800,,,,,,,Y,84305
10020412,Hot flushes non-menopausal,10060800,,,,,,,Y,
10020413,Hot flushes NOS,10060800,,,,,,,Y,
10020414,Hot flushes of legs,10060800,,,,,,,Y,84303
10020415,Hot flushes of trunk,10060800,,,,,,,Y,84307
10020416,Hot flushes transient of face,10060800,,,,,,,Y,84301
10020468,Hunger air,10013968,,,HYPERVENTIL,,,,Y,
10020613,Hyperemesis,10047700,228004,,VOMIT,,,,Y,6303
10020642,Hyperhidrosis,10020642,43004,,SWEAT,780.8,780.8,,Y,74903
10020714,Hyperpigmentation of eyelid,10040865,,,,,374.52,,Y,
10020715,Hyperpigmentation skin,10040865,36004,,SKIN DISCOLOR,,,,Y,78703
10020926,Hyphidrosis,10021013,,,SWEAT DEC,,,,Y,
10020933,Hypoactive sexual desire disorder,10024419,,,,,,,Y,
10021013,Hypohidrosis,10021013,1298003,,,,,,Y,236601
10021035,Hypomnesia,10027175,,,,,,,Y,22606
10021175,Iatrogenic constipation,10010774,,,,,,,Y,
10021176,Iatrogenic diarrhea,10012735,,,,,,,Y,
10021177,Iatrogenic diarrhoea,10012735,,,,,,,Y,
10021223,Idiopathic diarrhea,10012735,,,,,,,Y,
10021525,Impairment of attention,10013496,,,,,,,Y,
10021527,Impending doom,10002855,,,,,,,Y,
10021550,Impotence,10061461,182001,2885,IMPOTENCE,,,,Y,821
10021552,Impotent,10061461,,,,,,,Y,
10021553,Impotentia erigendi,10061461,182003,,IMPOTENCE,,,,Y,82102
10021573,Inability to maintain erection,10061461,,,,,,,Y,
10021574,Inability to orgasm,10002652,,,,,,,Y,
10021640,Incontinence fecal,10016092,,,INCONTIN FECAL,,,,Y,
10021641,Incontinence of feces,10016092,,,,787.6,787.6,,Y,
10021642,Incontinence of urine,10046543,,,,788.3,788.3,,Y,
10021643,Incontinence urinary,10046543,,,INCONTIN URIN,,,,Y,
10021646,Incontinent of faeces,10016092,,,,,,,Y,
10021647,Incontinent of urine (excl emotional),10046543,,,,,,,Y,
10021680,Increased shortness of breath,10013968,,,,,,,Y,
10021692,Increased urinary frequency,10036018,,5275,,,,,Y,
10021694,Increased wheeziness,10047924,,,,,,,Y,
10021696,Increased work of breathing,10013968,,,,,,,Y,
10021697,Increasing indigestion,10013946,,,,,,,Y,
10021706,Indigestion,10013946,279011,,DYSPEPSIA,,,,Y,38408
10021707,Indigestion acid,10013946,,,DYSPEPSIA,,,,Y,
10021708,Indigestion nervous,10013946,279008,,DYSPEPSIA,,,,Y,38412
10022095,Injection site reaction,10022095,58001,2950,INJECT SITE REACT,,,,Y,634
10022096,Injection site reaction NOS,10022095,,,INJECT SITE REACT,,,,Y,
10022437,Insomnia,10022437,183001,2955,INSOMNIA,,,,Y,822
10022438,Insomnia (non-organic),10022437,,,,,,,Y,
10022440,Insomnia exacerbated,10022437,,,,,,,Y,
10022442,Insomnia NOS,10022437,,,,,,,Y,
10022991,Irregular menstrual cycle,10027339,,,,626.4,626.4,,Y,
10022992,Irregular menstruation,10027339,,,,,,,Y,
10022993,Irregular periods,10027339,,,,,,,Y,
10023011,Irritant cough,10011224,,,,,,,Y,
10023018,Irritative cough,10011224,,,,,,,Y,
10023026,Ischaemic leg ulcer,10040943,,,,,,,Y,
10023082,Itch,10037087,,,,,,,Y,
10023083,Itch burning,10037087,,,,,,,Y,56403
10023084,Itching,10037087,24003,,,,,,Y,56401
10023087,Itching both hands,10037087,,,,,,,Y,
10023089,Itchy,10037087,,,,,,,Y,
10023091,Itchy legs,10037087,,,,,,,Y,
10023093,Itchy scalp,10037087,,,,,,,Y,
10023094,Itchy skin,10037087,,,,,,,Y,
10023197,Joint ache,10003239,63004,,ARTHRALGIA,,,,Y,11604
10023222,Joint pain,10003239,63005,,ARTHRALGIA,,,,Y,11603
10023477,Knee pain,10003239,,,PAIN,,,,Y,
10023552,Labored breathing,10013968,,,,,,,Y,
10023556,Laboured breathing,10013968,,,,,,,Y,
10023557,Laboured respiration,10013968,,,,,,,Y,
10023639,Lacrimation,10023644,,,,,,,Y,91301
10023644,Lacrimation increased,10023644,,,,,,,Y,
10023698,Large arm swelling,10030124,,,EDEMA PERIPH,,,,Y,
10023929,Lassitude,10016256,,,ASTHENIA,,,,Y,
10024127,Leg edema,10030124,,,,,,,Y,
10024129,Leg oedema,10030124,,,,,,,Y,
10024419,Libido decreased,10024419,184001,3210,LIBIDO DEC,,,,Y,901
10024461,Light headedness,10013573,,,,,,,Y,
10024490,Light-headed,10013573,,,DIZZINESS,,,,Y,86901
10024491,Light-headed feeling,10013573,101005,,,,,,Y,86905
10024492,Lightheadedness,10013573,,,,,,,Y,
10024564,Lip redness,10008417,,,,,,,Y,25204
10024837,Loose bowel,10012735,,,,,,,Y,
10024838,Loose bowels,10012735,,,,,,,Y,
10024839,Loose motions,10012735,,,,,,,Y,
10024840,Loose stools,10012735,,,DIARRHEA,,,,Y,
10024946,Lower extremities ulcers of,10040943,,,,,,,Y,105101
10025422,Maculo-papular,10037868,,,,,,,Y,
10025423,Maculo-papular rash,10037868,,,,,,,Y,
10025424,Maculopapular rash,10037868,,4425,RASH MAC PAP,,,,Y,
10025426,Made anxiety worse,10002855,,,,,,,Y,
10025503,Male erectile disorder,10061461,,,,,,,Y,
10026837,Marked inactivity of chest wall on inspiratory effort,10013968,,,,,,,Y,
10027171,Memory deficit,10027175,,,,,,,Y,
10027172,Memory disturbance,10027175,164006,,AMNESIA,,,,Y,22602
10027173,Memory disturbance (excl dementia),10027175,,,,,,,Y,
10027174,Memory impaired,10027175,,,AMNESIA,,,,Y,
10027175,Memory impairment,10027175,164003,,,,,,Y,22603
10027317,Menses irregular,10027339,,,METRORRHAGIA,,,,Y,
10027333,Menstrual irregularity,10027339,657004,,METRORRHAGIA,,,,Y,20107
10027339,Menstruation irregular,10027339,,,,,,,Y,
10027346,Mental concentration decreased,10013496,,,,,,,Y,211002
10027347,Mental concentration difficult,10013496,,,,,,,Y,
10027348,Mental concentration difficulty,10013496,199005,,THINKING ABNORM,,,,Y,33407
10027349,Mental concentration impaired,10013496,,,,,,,Y,
10027493,Meteorism,10016766,285007,,FLATUL,,,,Y,84101
10027562,Micturition frequency,10036018,606001,,URIN FREQUENCY,,,,Y,2610
10027563,Micturition involuntary,10046543,156009,,,,,,Y,70908
10027566,Micturition urgency,10027566,1497001,,,,,,Y,2611
10027741,Mixed anxiety & depressive,10012378,,,,,,,Y,
10028016,Mouth became dry,10013781,,,,,,,Y,
10028021,Mouth dry,10013781,218001,,DRY MOUTH,,,,Y,258
10028022,Mouth feeling dry,10013781,,,,,,,Y,25804
10028026,Mouth irritation,10042128,327003,,STOMATITIS,,,,Y,25709
10028130,Mucositis oral,10042128,,,STOMATITIS,,,,Y,
10028284,Muscae volitante,10028623,,,,,,,Y,
10028287,Muscle ache,10028411,73006,,MYALGIA,,,,Y,17404
10028322,Muscle pain,10028411,73004,,MYALGIA,,,,Y,17405
10028332,Muscle soreness,10028411,,,MYALGIA,,,,Y,
10028341,Muscle tenderness any site,10028411,73005,,MYALGIA,,,,Y,17402
10028361,Muscular pain,10028411,,,,,,,Y,
10028362,Muscular pains,10028411,,,,,,,Y,
10028399,Mushy stool,10012735,,,,,,,Y,22204
10028411,Myalgia,10028411,73001,3470,MYALGIA,,,,Y,174
10028623,Myodesopsia,10028623,,,,,,,Y,105602
10028691,Nail discoloration,10028692,,,NAIL DIS,,,,Y,
10028692,Nail discolouration,10028692,1634001,,,,,,Y,2620
10028723,Nasal bleeding,10015090,515005,,,,,,Y,76903
10028746,Nasal mucus blood tinged,10015090,,,,,,,Y,
10028813,Nausea,10028813,308001,3535,NAUSEA,,,,Y,61
10028822,Nauseated,10028813,,,,,,,Y,
10028823,Nauseous,10028813,,,,,,,Y,
10029115,Nephelopsia transient,10047513,,,,,,,Y,40812
10029220,Nettle rash,10046735,,,,,,,Y,
10029450,Nocturnal cough,10011224,,,,,,,Y,
10029451,Nocturnal diarrhea,10012735,,,,,,,Y,
10029455,Nocturnal headache,10019211,,,,,,,Y,
10029501,Noises in head,10043882,,,,,,,Y,
10029792,Nose bleed,10015090,,,,,,,Y,
10029793,Nose bleeds,10015090,,,,,,,Y,
10029802,Nosebleed,10015090,515003,,EPISTAXIS,,,,Y,76901
10029886,Objective tinnitus,10043882,,,,,388.32,,Y,
10029932,Obstipation,10010774,,,,,,,Y,
10030092,Odor body,10040904,,,BODY ODOR,,,,Y,
10030096,Oedema arms,10030124,,,,,,,Y,
10030105,Oedema legs,10030124,401004,,EDEMA PERIPH,,,,Y,2030
10030109,Oedema lower limb,10030124,,,,,,,Y,
10030115,Oedema of extremities,10030124,401003,,,,,,Y,84904
10030117,Oedema of legs,10030124,,,,,,,Y,
10030118,Oedema of lower extremities,10030124,,,,,,,Y,84901
10030121,Oedema palmar,10030124,,,,,,,Y,84905
10030124,Oedema peripheral,10030124,401001,,EDEMA PERIPH,,,,Y,849
10030132,Oedema upper limb,10030124,,,,,,,Y,
10030134,Oedematous feet,10030124,,,,,,,Y,
10030260,Offensive vaginal discharge,10046901,,,,,,,Y,
10030974,Oral dryness,10013781,218004,,DRY MOUTH,,,,Y,25803
10030991,Oral mucosa redness,10042128,,,,,,,Y,25706
10031011,Oral redness,10042128,,,,,,,Y,25704
10031085,Orgasm abnormal,10031085,,,,,,,Y,
10033371,Pain,10033371,730001,3875,PAIN,,,,Y,683
10033374,Pain abdominal,10000081,,,PAIN ABDO,,,,Y,
10033376,Pain aggravated,10033371,,,,,,,Y,
10033379,Pain ankle,10003239,,,PAIN,,,,Y,
10033386,Pain burning,10033371,730005,,,,,,Y,68323
10033392,Pain dull,10033371,,,,,,,Y,68309
10033396,Pain exacerbated,10033371,,,,,,,Y,
10033401,Pain gas,10016766,,,PAIN ABDO,,,,Y,
10033405,Pain head,10019211,,,HEADACHE,,,,Y,
10033420,Pain in ankle,10003239,,,,,,,Y,
10033424,Pain in elbow,10003239,,,,,,,Y,
10033432,Pain in hip,10003239,,,,,,,Y,
10033434,Pain in joint,10003239,,,,719.4,719.4,,Y,
10033436,Pain in joint involving forearm,10003239,,,,,719.43,,Y,
10033437,Pain in joint involving hand,10003239,,,,,719.44,,Y,
10033438,Pain in joint involving lower leg,10003239,,,,,719.46,,Y,
10033442,Pain in joint involving shoulder region,10003239,,,,,719.41,,Y,
10033443,Pain in joint involving upper arm,10003239,,,,,719.42,,Y,
10033444,"Pain in joint, site unspecified",10003239,,,,,719.4,,Y,
10033445,Pain in knee,10003239,,,,,,,Y,
10033454,Pain irritated,10033371,,,,,,,Y,68305
10033456,Pain joint,10003239,,,ARTHRALGIA,,,,Y,
10033458,Pain knee,10003239,,,PAIN,,,,Y,
10033465,Pain mucosal,10033371,,,,,,,Y,68310
10033466,Pain muscle,10028411,,,MYALGIA,,,,Y,
10033470,Pain NOS,10033371,,,,,,,Y,
10033491,Pain sacroiliac,10003239,,,PAIN BACK,,,,Y,
10033499,Pain worsened,10033371,,,,,,,Y,
10033501,Painful ankle,10003239,,,,,,,Y,
10033509,Painful hips,10003239,,,,,,,Y,
10033510,Painful intercourse,10013941,,,,,,,Y,
10033511,Painful joints,10003239,,,,,,,Y,
10033512,Painful knee,10003239,,,,,,,Y,
10033553,Palmar-plantar erythrodysaesthesia syndrome,10033553,,,,,,,Y,
10033556,Palpitation,10033557,221001,3955,PALPITAT,,,,Y,413
10033557,Palpitations,10033557,,,,785.1,785.1,,Y,
10033727,Papular rash circumocular-blepharal,10037868,,,,,,,Y,75901
10033793,Parageusia,10013911,267007,,TASTE PERVERS,,,,Y,85505
10034206,Pedal edema,10030124,,,,,,,Y,
10034570,Peripheral edema,10030124,,1630,EDEMA PERIPH,,,,Y,
10034611,Peripheral oedema,10030124,,,,,,,Y,
10034620,Peripheral sensory neuropathy,10034620,1313003,,,,,,Y,237402
10034707,Persistent dry cough,10011224,,,,,,,Y,
10034710,Persistent hyaloid,10028623,,,,,,,Y,
10034712,Persistent non-productive cough,10011224,,,,,,,Y,
10034716,Persistent vomiting,10047700,,,,,536.2,,Y,
10034734,Perspiration excessive,10020642,43005,,SWEAT,,,,Y,74907
10034806,Pharmacological urticaria,10046735,,,,,,,Y,
10034917,Phobic anxiety,10002855,,,,,,,Y,
10034924,Phonation difficulty,10013952,,,,,,,Y,6605
10034962,Photopsia,10034962,1172001,,VISION ABNORM,,,,Y,2080
10034963,Photosensitive dermatitis,10034972,,1417,,,,,Y,
10034964,Photosensitive rash,10034972,,,,,,,Y,
10034965,Photosensitive reaction,10034972,,,,,,,Y,
10034966,Photosensitivity,10034972,,,,,,,Y,25301
10034972,Photosensitivity reaction,10034972,22001,3919,PHOTOSENSITIVITY,,,,Y,253
10034973,Photosensitivity reaction NOS,10034972,,,PHOTOSENSITIVITY,,,,Y,
10034974,Photosensitivity toxic reaction,10034972,23001,,PHOTOSENSITIVITY,,,,Y,636
10034975,Photosensitized,10034972,,,,,,,Y,
10034977,Phototoxicity,10034972,,,,,,,Y,
10036018,Pollakiuria,10036018,,,,,,,Y,261001
10036029,Polyarthralgia,10003239,,,ARTHRALGIA,,,,Y,
10036097,Polymyalgia,10028411,,,,,,,Y,
10036098,Polymyalgia aggravated,10028411,,,,,,,Y,
10036101,Polymyalgia worsened,10028411,,,,,,,Y,
10036149,Poor concentration,10013496,,,,,,,Y,
10036464,Pounding in head,10019211,,,,,,,Y,
10036662,Prick pain,10033371,,,,,,,Y,68306
10036663,Prick pain feeling,10033371,,,,,,,Y,68319
10036701,Primary insomnia,10022437,,,,,,,Y,
10036985,Prostration,10016256,716003,,ASTHENIA,,,,Y,86409
10037086,Pruritis,10037087,,,,,,,Y,
10037087,Pruritus,10037087,24001,,,,,,Y,
10037090,Pruritus cutaneous,10037087,,,,,,,Y,56407
10037091,Pruritus facial,10037087,,,,,,,Y,56402
10037096,Pruritus NOS,10037087,,4320,PRURITUS,,,,Y,564
10037097,Pruritus of both hands,10037087,,,,,,,Y,56408
10037193,Psychogenic dyspareunia,10013941,,,,,,,Y,
10037676,Pyrosis,10013946,279009,,DYSPEPSIA,,,,Y,38413
10037730,Queasy,10028813,,,NAUSEA,,,,Y,
10037769,Radiation skin sensitivity,10063562,,,,,,,Y,
10037847,Rash acneiform,10012432,1004,,,,,,Y,29909
10037868,Rash maculo-papular,10037868,30001,,RASH MAC PAP,,,,Y,759
10037883,Rash photosensitivity,10034972,,,PHOTOSENSITIVITY,,,,Y,
10037895,Rash urticaria-like,10046735,,,,,,,Y,49503
10037896,Rash urticarial,10046735,,,URTICARIA,,,,Y,
10037931,Reaction alarm,10002855,,,ANXIETY,,,,Y,
10037935,Reaction anxiety,10002855,,,ANXIETY,,,,Y,
10037950,Reaction injection site (NOS),10022095,,,INJECT SITE REACT,,,,Y,
10037998,Reactive depression,10012378,172009,,,,,,Y,89709
10038197,Red urine,10008796,,,,,,,Y,21805
10038641,Resonance disorder,10013952,,,,,,,Y,
10038653,Respiration labored,10013968,514005,,DYSPNEA,,,,Y,26907
10038654,Respiration laboured,10013968,,,,,,,Y,
10038985,Retrosternal burning,10013946,,,,,,,Y,
10039071,Rheumatism (joints only),10003239,,,ARTHRITIS RHEUMAT,,,,Y,
10039176,Rigoring,10008531,,,,,,,Y,
10039177,Rigors,10008531,731001,,CHILLS,,,,Y,64
10039178,Rigors awaking,10008531,,,,,,,Y,6401
10039183,Ringing in ears,10043882,264009,,TINNITUS,,,,Y,35608
10039235,Rough facial skin,10013786,,,,,,,Y,
10039354,Sacro-iliac pain,10003239,717009,,PAIN BACK,,,,Y,74401
10039894,Secretory diarrhea,10012735,,,,,,,Y,
10040038,Sensory peripheral neuropathies,10034620,,,,,,,Y,
10040039,Sensory peripheral neuropathy,10034620,,,,,,,Y,
10040040,Sensory polyneuropathy axonal,10034620,,,,,,,Y,
10040044,Separation anxiety,10002855,,,,,,,Y,
10040481,Sexual feeling decreased,10024419,,,,,,,Y,51101
10040558,Shivering,10008531,731003,,CHILLS,,,,Y,6403
10040559,Shivers,10008531,731005,,,,,,Y,6404
10040596,Short of breath,10013968,,,,,,,Y,
10040604,Shortness of breath,10013968,,,DYSPNEA,,,,Y,
10040618,Shoulder pain (due joint disorder),10003239,,,,,,,Y,
10040698,Simple disturbance of activity and attention,10013496,,,,314,,,Y,
10040732,Singultation,10020039,,,,,,,Y,
10040733,Singultous,10020039,,,,,,,Y,
10040734,Singultus,10020039,300004,,HICCUP,,,,Y,36102
10040760,Situational anxiety,10002855,,,,,,,Y,
10040835,Skin dry,10013786,1123001,,SKIN DRY,,,,Y,1100
10040865,Skin hyperpigmentation,10040865,36003,,SKIN DISCOLOR,,,,Y,78704
10040903,Skin odor abnormal,10040904,39001,,BODY ODOR,,,,Y,784
10040904,Skin odour abnormal,10040904,,,,,,,Y,
10040917,Skin rough,10013786,,,,,,,Y,78512
10040918,Skin roughness,10013786,,,,,,,Y,78508
10040943,Skin ulcer,10040943,,5215,ULCER SKIN,,,,Y,
10040945,Skin ulcer NOS,10040943,,,,,,,Y,
10040947,Skin ulceration,10040943,41001,,ULCER SKIN,,,,Y,779
10040982,Sleep decreased,10022437,183006,,INSOMNIA,,,,Y,82203
10040983,Sleep difficult,10022437,183007,,INSOMNIA,,,,Y,82204
10041001,Sleep loss,10022437,,,,,,,Y,
10041017,Sleeplessness,10022437,183004,,INSOMNIA,,,,Y,82209
10041219,Smelly body,10040904,,,BODY ODOR,,,,Y,
10041221,Smelly feet,10040904,,,,,,,Y,
10041306,Solar sensitiveness,10034972,,,,,,,Y,25303
10041366,Sore roof of mouth,10042128,,,STOMATITIS,,,,Y,
10041957,Stasis ulcer,10040943,,,,,,,Y,
10042066,Stinging,10033371,,,PARESTHESIA,,,,Y,
10042079,Stomach burning sensation of,10013946,,,,,,,Y,81202
10042106,Stomach fullness,10000060,,,,,,,Y,38401
10042128,Stomatitis,10042128,327001,4800,STOMATITIS,528,528,,Y,257
10042156,Stools loose,10012735,205004,,DIARRHEA,,,,Y,22202
10042157,Stools watery,10012735,205003,,DIARRHEA,,,,Y,22201
10042357,Subcutaneous urticaria,10046735,,,,,,,Y,
10042398,Subjective tinnitus,10043882,,,,,388.31,,Y,
10042493,Sun blister,10034972,,,,,,,Y,
10042494,Sun sensitivity,10034972,,,,,,,Y,
10042505,Superficial dyspareunia,10013941,,,,,,,Y,
10042645,Swallowing difficult,10013950,280005,,DYSPHAGIA,,,,Y,5901
10042646,Swallowing disorder,10013950,,,DYSPHAGIA,,,,Y,
10042647,Swallowing impaired,10013950,280007,,DYSPHAGIA,,,,Y,5903
10042649,Swallowing spasm,10013950,280006,,DYSPHAGIA,,,,Y,5902
10042651,Swaying feeling,10013573,,,,,,,Y,
10042661,Sweating,10020642,,,SWEAT,,,,Y,
10042663,Sweating attack,10020642,,,,,,,Y,
10042664,Sweating decreased,10021013,1298001,4840,SWEAT DEC,,,,Y,2366
10042665,Sweating easily,10020642,,,,,,,Y,74901
10042667,Sweating increased,10020642,43001,4835,SWEAT,,,,Y,749
10042668,Sweating increased armpits,10020642,,,,,,,Y,
10042669,Sweating increased palms,10020642,,,,,,,Y,
10042670,Sweaty,10020642,,,,,,,Y,
10042678,Swelling abd,10000060,,,,,,,Y,
10042679,Swelling abdomen,10000060,,,ABDO ENLARGE,,,,Y,
10042680,Swelling arm,10030124,,,,,,,Y,
10042693,Swelling of feet,10030124,,,,,,,Y,
10042694,Swelling of fingers,10030124,,,,,,,Y,
10042695,Swelling of hands,10030124,,,,,,,Y,
10042699,Swelling of leg's soft tissue,10030124,,,,,,,Y,84902
10042700,Swelling of legs,10030124,,,,,,,Y,
10042701,Swelling of limb,10030124,,,,,729.81,,Y,
10042702,Swelling of limbs,10030124,,,,,,,Y,84903
10042714,Swollen abdomen,10000060,711003,,ABDO ENLARGE,,,,Y,81401
10042716,Swollen arm,10030124,,,,,,,Y,
10042726,Swollen thumb,10030124,,,,,,,Y,
10043123,Taste abnormality,10013911,,,,,,,Y,85509
10043125,Taste alteration,10013911,267008,,TASTE PERVERS,,,,Y,85510
10043126,Taste altered,10013911,,,,,,,Y,
10043127,Taste bitter,10013911,267003,,TASTE PERVERS,,,,Y,85503
10043128,Taste bitter-salty,10013911,,,,,,,Y,85504
10043129,Taste changed,10013911,,,,,,,Y,
10043132,Taste disturbance,10013911,,,,,,,Y,
10043133,Taste garlic,10013911,267004,,TASTE PERVERS,,,,Y,85508
10043135,Taste metallic,10013911,267005,,TASTE PERVERS,,,,Y,85502
10043136,Taste peculiar,10013911,267006,,TASTE PERVERS,,,,Y,85501
10043137,Taste perversion,10013911,267001,4895,TASTE PERVERS,,,,Y,855
10043139,Taste salty,10013911,,,,,,,Y,85506
10043140,Taste sour,10013911,,,,,,,Y,85512
10043141,Taste sweet,10013911,,,,,,,Y,85511
10043171,Tearing eyes,10023644,,,LACRIMATION DIS,,,,Y,
10043172,Teary eyes,10023644,,,,,,,Y,
10043174,Teeth chattering,10008531,,,,,,,Y,
10043208,Temporal headache,10019211,,,HEADACHE,,,,Y,
10043215,Temporomandibular joint arthralgia,10003239,,,,,,,Y,
10043230,Tenderness muscle,10028411,,,MYALGIA,,,,Y,
10043882,Tinnitus,10043882,264001,5050,TINNITUS,388.3,388.3,,Y,356
10043883,Tinnitus aggravated,10043882,264010,,,,,,Y,
10043884,"Tinnitus, unspecified",10043882,,,,,388.3,,Y,
10043885,Tired all the time,10016256,,,,,,,Y,
10043889,Tired out,10016256,,,,,,,Y,
10043890,Tiredness,10016256,724005,,ASTHENIA,,,,Y,80005
10044693,Trophedema,10030124,,,,,,,Y,
10045213,Tympanites,10016766,285003,,FLATUL,,,,Y,84102
10045303,Ulcer foot,10040943,,,,,,,Y,
10045326,"Ulcer of lower limbs, except decubitus ulcer",10040943,,,,707.1,707.1,,Y,
10045334,Ulcer skin,10040943,,,ULCER SKIN,,,,Y,
10045344,Ulcer-like dyspepsia,10013946,,,,,,,Y,
10045373,Ulcers of extremities,10040943,,,,,,,Y,1051
10045473,Unable to focus,10047513,,,,,,,Y,
10045543,Unipolar depression,10012378,,,,,,,Y,
10045544,Unipolar depressive illness,10012378,,,,,,,Y,
10046119,Unspecified pruritic disorder,10037087,,,,698.9,698.9,,Y,
10046218,Unspecified urinary incontinence,10046543,,,,,788.3,,Y,
10046219,Unspecified urticaria,10046735,,,,,708.9,,Y,
10046496,Urgency of mict,10027566,,,,,,,Y,
10046497,Urgency urination,10027566,,,URIN URGENCY,,,,Y,
10046498,Urgent diarrhoea,10012735,,,,,,,Y,
10046539,Urinary frequency,10036018,606003,,URIN FREQUENCY,,788.41,,Y,261002
10046543,Urinary incontinence,10046543,156001,2895,INCONTIN URIN,,,,Y,709
10046593,Urinary urgency,10027566,606004,5295,URIN URGENCY,,,,Y,261003
10046600,Urination frequency of,10036018,,,URIN FREQUENCY,,,,Y,
10046602,Urination involuntary,10046543,156006,,INCONTIN URIN,,,,Y,70904
10046604,Urination urgency of,10027566,,,URIN URGENCY,,,,Y,
10046618,Urine colouring black,10008796,,,,,,,Y,70705
10046619,Urine colouring yellow,10008796,,,,,,,Y,70703
10046628,Urine discoloration,10008796,,,URIN ABNORM,,,,Y,
10046629,Urine discolouration,10008796,629003,,,,,,Y,70709
10046645,Urine incontinence,10046543,156005,,INCONTIN URIN,,,,Y,70907
10046735,Urticaria,10046735,44001,5305,URTICARIA,708,708,,Y,495
10046737,Urticaria acute,10046735,45001,,URTICARIA,,,,Y,143
10046738,Urticaria aggravated,10046735,44006,,,,,,Y,
10046749,Urticaria NOS,10046735,,,,,,,Y,
10046753,Urticaria subcutaneous,10046735,,,,,,,Y,
10046756,"Urticaria, unspecified",10046735,,,,708.9,,,Y,
10046758,Urticarial rash,10046735,,,,,,,Y,
10046759,Urticarial symptom,10046735,,,,,,,Y,49505
10046760,Urticated rash,10046735,,,,,,,Y,
10046761,Urtication,10046735,,,,,,,Y,
10046901,Vaginal discharge,10046901,654005,,LEUKORRHEA,,,,Y,74505
10046904,Vaginal dryness,10047791,,5352,,,,,Y,
10047246,Venous stasis ulcer,10040943,,,,,,,Y,
10047259,Venous ulcer NOS,10040943,,,,,,,Y,
10047260,Venous ulceration,10040943,,,,,,,Y,
10047513,Vision blurred,10047513,257004,,AMBLYOPIA,,,,Y,40808
10047569,Visual flashes,10034962,,,,,,,Y,
10047653,Vitreous floater,10028623,,,VITREOUS DIS,,,,Y,
10047654,Vitreous floaters,10028623,,,,,,,Y,
10047677,Vocal tone disorder,10013952,,,,,,,Y,
10047678,Vocal volume disorder,10013952,,,,,,,Y,
10047681,Voice alteration,10013952,103005,5435,VOICE ALTERAT,,,,Y,6602
10047682,Voice disturbance,10013952,,,,784.4,784.4,,Y,
10047683,"Voice disturbance, unspecified",10013952,,,,,784.4,,Y,
10047684,Voice lowered,10013952,,,,,,,Y,6601
10047699,Vomited,10047700,,,,,,,Y,
10047700,Vomiting,10047700,228001,5440,VOMIT,,,,Y,63
10047706,Vomiting NOS,10047700,,,,,,,Y,
10047791,Vulvovaginal dryness,10047791,,,,,,,Y,
10047830,Washed-out,10016256,,,,,,,Y,
10047844,Waterbrash,10013946,,,,,,,Y,
10047848,Watering eyes,10023644,,,,,,,Y,
10047849,Watery diarrhoea,10012735,,,,,,,Y,
10047871,Weariness,10016256,724006,,ASTHENIA,,,,Y,80006
10047906,Welts,10046735,,,URTICARIA,,,,Y,
10047918,Wheals,10046735,44004,,URTICARIA,,,,Y,49504
10047921,Wheeze,10047924,,,,,,,Y,
10047922,Wheeze worsened,10047924,,,,,,,Y,
10047923,Wheezes,10047924,511006,,,,,,Y,13209
10047924,Wheezing,10047924,,,ASTHMA,,,,Y,
10047925,Wheezing expiratory,10047924,511004,,ASTHMA,,,,Y,13203
10047926,Wheezing inspiratory,10047924,542005,,STRIDOR,,,,Y,55803
10047927,Wheezy,10047924,,,,,,,Y,
10047989,Wind,10016766,,,,,,,Y,
10048018,Wooziness,10013573,101006,,DIZZINESS,,,,Y,86906
10048019,Woozy,10013573,,,,,,,Y,
10048024,Worn out,10016256,,,,,,,Y,
10048025,Worry,10002855,,,,,,,Y,
10048029,Worsening of tinnitus,10043882,,,,,,,Y,
10048223,Xerostomia,10013781,218008,,DRY MOUTH,,,,Y,25805
10048308,Pruritus aggravated,10037087,24004,,,,,,Y,
10048317,Myalgia aggravated,10028411,73010,,,,,,Y,
10048324,Dizziness aggravated,10013573,101009,,,,,,Y,
10048335,Urinary incontinence aggravated,10046543,156013,,,,,,Y
10048339,Anxiety aggravated,10002855,166018,,,,,,Y
10048340,Impotence aggravated,10061461,182005,,,,,,Y
10048346,Constipation aggravated,10010774,204006,,,,,,Y
10048350,Mouth dry aggravated,10013781,218010,,,,,,Y
10048351,Palpitations aggravated,10033557,221006,,,,,,Y
10048356,Vomiting aggravated,10047700,228005,,,,,,Y
10048358,Abdominal pain aggravated,10000081,268016,,,,,,Y
10048359,Dysphagia aggravated,10013950,280008,,,,,,Y
10048364,Nausea aggravated,10028813,308005,,,,,,Y
10048367,Gynaecomastia aggravated,10018800,346004,,,,,,Y
10048381,Cough aggravated,10011224,513003,,,,,,Y
10048384,Upper limb oedema,10030124,401005,,,,,,Y
10048404,Urinary frequency aggravated,10036018,606005,,,,,,Y
10048415,Fatigue aggravated,10016256,724007,,,,,,Y
10048477,Faecal incontinence aggravated,10016092,107003,,,,,,Y
10048567,Headache aggravated,10019211,,,,,,,Y
10048690,Wheezing aggravated,10047924,,,,,,,Y
10048692,Wrist pain,10003239,,,,,,,Y
10048746,Abdominal bloating,10000060,,,,,,,Y
10048776,Hand and foot syndrome secondary to chemotherapy,10033553,,,,,,,Y
10048813,Desquamative cheilitis,10008417,,,,,,,Y
10048838,Soft stools,10012735,,,,,,,Y
10048886,Onychoclasis,10048886,,,,,,,Y
10048913,Joint tenderness,10003239,,,,,,,Y
10048922,Ankle ulcer,10040943,,,,,,,Y
10048959,Peripheral swelling,10030124,,,,,,,Y
10048967,Frontal headache,10019211,,,,,,,Y
10048968,Occipital headache,10019211,,,,,,,Y
10048969,Parietal headache,10019211,,,,,,,Y
10048971,General body pain,10033371,,,,,,,Y
10049034,Heel ulcer,10040943,,,,,,,Y
10049063,Nephelopia,10047513,,,,,,,Y
10049064,Nephelopia transient,10047513,,,,,,,Y
10049122,Premenstrual headache,10019211,,,,,,,Y
10049195,Maculo-papular exanthema,10037868,,,,,,,Y
10049198,Generalized urticaria,10046735,,,,,,,Y
10049200,Asthmatic wheezing,10047924,,,,,,,Y
10049274,Onychomadesis,10049274,,,,,,,Y
10049281,Nail loss,10049274,,,,,,,Y
10049318,Sores mouth,10042128,,,,,,,Y
10049320,Sores roof of mouth,10042128,,,,,,,Y
10049321,Redness mouth,10042128,,,,,,,Y
10049322,Raw mouth,10042128,,,,,,,Y
10049323,Irritation roof of mouth,10042128,,,,,,,Y
10049324,Chapped mouth,10042128,,,,,,,Y
10049325,Inflammation of mouth,10042128,,,,,,,Y
10049328,Mouth broke out,10042128,,,,,,,Y
10049329,Inflammation under tongue,10042128,,,,,,,Y
10049332,Mouth puckered,10013781,,,,,,,Y
10049340,Rash lips,10008417,,,,,,,Y
10049342,Irritation lips,10008417,,,,,,,Y
10049343,Raw lips,10008417,,,,,,,Y
10049344,Redness corner of mouth,10008417,,,,,,,Y
10049345,Inflammation lips,10008417,,,,,,,Y
10049348,Soreness corner mouth,10042128,,,,,,,Y
10049351,Sores lip,10008417,,,,,,,Y
10049475,Chronic pain,10033371,,,,,,,Y
10049602,Maldigestion,10013946,,,,,,,Y
10049709,Depressive state,10012378,,,,,,,Y
10049843,Acneiform eruption,10012432,,,,,,,Y
10049849,Bilious taste,10013911,,,,,,,Y
10049905,Oedema upper extremities,10030124,,,,,,,Y
10049922,Fingernail discoloration,10028692,,,,,,,Y
10050007,Shooting pain,10033371,,,,,,,Y
10050063,Edema extremity upper,10030124,,,,,,,Y
10050064,Edema fingers,10030124,,,,,,,Y
10050065,Edema hands,10030124,,,,,,,Y
10050067,Edema knees,10030124,,,,,,,Y
10050068,Edema limbs,10030124,,,,,,,Y
10050070,Edema thigh,10030124,,,,,,,Y
10050400,Vigilance decreased,10013496,,,,,,,Y
10050472,Bloated feeling general,10000060,,,,,,,Y
10050483,Pain localised,10033371,,,,,,,Y
10050492,Bowel incontinence,10016092,,,,,,,Y
10050574,Hypermelanosis,10040865,,,,,,,Y
10050584,Contusion,10050584,,,,,,,Y
10050658,Leukonychia,10028692,,,,,,,Y
10050817,Pruritus breast,10037087,,,,,,,Y
10050997,Spleen pain,10000081,,,,,,,Y
10051300,Palmoplantar oedema,10030124,,,,,,,Y
10051385,Drug-induced headache,10019211,,,,,,,Y
10051462,Trophoedema,10030124,,,,,,,Y
10051508,Urinary tract pain NOS,10062225,,,,,,,Y
10051587,Myalgia of lower extremities,10028411,,,,,,,Y
10052003,Erectile dysfunction NOS,10061461,,,,,,,Y
10052008,Vomiting of medication,10047700,,,,,,,Y
10052009,Tablet in vomitus,10047700,,,,,,,Y
10052380,Malleolus oedema,10030124,,,,,,,Y
10052401,Vomiting post chemotherapy,10047700,,,,,,,Y
10052403,Frequent headaches,10019211,,,,,,,Y
10052411,Irradiating pain,10033371,,,,,,,Y
10052412,Lancinating pain,10033371,,,,,,,Y
10052416,Hairy skin itching,10037087,,,,,,,Y
10052569,Urticaria generalised,10046735,,,,,,,Y
10052570,Urticaria drug-induced,10046735,,,,,,,Y
10052625,Anorectic,10061428,,,,,,,Y
10053157,Leg ulcer (excl varicose),10040943,,,,,,,Y
10053850,Chronic headaches,10019211,,,,,,,Y
10053851,Chronic insomnia,10022437,,,,,,,Y
10054200,Potency disturbance,10061461,,,,,,,Y
10054469,Malleolus edema,10030124,,,,,,,Y
10054498,Edema of lower extremities,10030124,,,,,,,Y
10054500,Edema palmar,10030124,,,,,,,Y
10054505,Edema upper extremities,10030124,,,,,,,Y
10054524,Palmar-plantar erythrodysesthesia syndrome,10033553,,,,,,,Y
10054525,Palmoplantar edema,10030124,,,,,,,Y
10054683,Upper limb edema,10030124,,,,,,,Y
10054792,Inappetence,10061428,,,,,,,Y
10054850,Periumbilical pain,10000081,,,,,,,Y
10054868,Gingival dryness,10013781,,,,,,,Y
10054911,Venous ulcer discharge,10040943,,,,,,,Y
10054919,Coughing after drug inhalation,10011224,,,,,,,Y
10055219,Ischemic leg ulcer,10040943,,,,,,,Y
10055410,Diarrhea functional (due to spastic colon),10012735,,,,,,,Y
10055414,Explosive diarrhea,10012735,,,,,,,Y
10055415,Frank diarrhea,10012735,,,,,,,Y
10055416,Functional diarrhea (due to spastic colon),10012735,,,,,,,Y
10055420,Urgent diarrhea,10012735,,,,,,,Y
10055422,Watery diarrhea,10012735,,,,,,,Y
10055500,Constipation (excl fecal impaction),10010774,,,,,,,Y
10055507,Fecal incontinence aggravated,10016092,,,,,,,Y
10055543,Urine coloring black,10008796,,,,,,,Y
10055544,Urine coloring yellow,10008796,,,,,,,Y
10055564,Labored respiration,10013968,,,,,,,Y
10055578,Gynecomastia aggravated,10018800,,,,,,,Y
10055917,Oedema extremities,10030124,,,,,,,Y
10055918,Oedema extremity upper,10030124,,,,,,,Y
10055920,Oedema fingers,10030124,,,,,,,Y
10055924,Oedema knees,10030124,,,,,,,Y
10055938,Oedema thigh,10030124,,,,,,,Y
10055950,Pedal oedema,10030124,,,,,,,Y
10055955,Acute diarrhoea,10012735,,,,,,,Y
10055956,Antibiotic-associated diarrhoea,10012735,,,,,,,Y
10055958,Idiopathic diarrhoea,10012735,,,,,,,Y
10055959,Nocturnal diarrhoea,10012735,,,,,,,Y
10055960,Secretory diarrhoea,10012735,,,,,,,Y
10055963,Odour body,10040904,,,,,,,Y
10056118,Incontinence faecal,10016092,,,,,,,Y
10056121,Discolouration nail,10028692,,,,,,,Y
10056126,Discolouration urine,10008796,,,,,,,Y
10056127,Fingernail discolouration,10028692,,,,,,,Y
10056240,Mucous diarrhoea,10012735,,,,,,,Y
10056241,Mucous diarrhea,10012735,,,,,,,Y
10056359,Throbbing pain,10033371,,,,,,,Y
10056527,Onychoschizia,10048886,,,,,,,Y
10056537,Onychorrhexis,10048886,,,,,,,Y
10056549,Nail longitudinal striations,10048886,,,,,,,Y
10056791,Headache (excl migraine) aggravated,10019211,,,,,,,Y
10056803,"Ulcer of lower limbs, excl decubitus ulcer",10040943,,,,,,,Y
10056951,Actinic cheilitis,10008417,,,,,,,Y
10056985,Diarrhoea post chemotherapy,10012735,,,,,,,Y
10056989,Nausea post chemotherapy,10028813,,,,,,,Y
10057013,Diarrhea post chemotherapy,10012735,,,,,,,Y
10057036,Osmotic diarrhea,10012735,,,,,,,Y
10057057,Photocontact dermatitis,10034972,,,,,,,Y
10057066,Delayed orgasm,10031085,,,,,,,Y
10057094,Vaginal discharge abnormality,10046901,,,,,,,Y
10058101,Onychoschisis,10048886,,,,,,,Y
10058129,Brown urine,10008796,,,,,,,Y
10058140,Throbbing headache,10019211,,,,,,,Y
10058162,Perleche,10008417,,,,,,,Y
10058164,Angular cheilosis,10008417,,,,,,,Y
10058204,Oedema hands,10030124,,,,,,,Y
10058276,Drug-induced cough,10011224,,,,,,,Y
10058474,Oral mucosal irritation,10042128,,,,,,,Y
10058684,Acroedema,10030124,,,,,,,Y
10058695,Fluor vaginalis,10046901,,,,,,,Y
10058697,Breast enlargement male unilateral,10018800,,,,,,,Y
10058716,Injection site maceration,10022095,,,,,,,Y
10058732,Localised itching,10037087,,,,,,,Y
10058733,Localized itching,10037087,,,,,,,Y
10058826,Abdominal pain generalized,10000081,,,,,,,Y
10058979,Blennemesis,10047700,,,,,,,Y
10059050,Intractable pain,10033371,,,,,,,Y
10059073,Pain at rest,10033371,,,,,,,Y
10059082,Stools absent,10010774,,,,,,,Y
10059103,Venous ulcer odor,10040943,,,,,,,Y
10059105,Venous ulcer odour,10040943,,,,,,,Y
10059257,Sibilus,10047924,,,,,,,Y
10059272,Sexual desire decreased,10024419,,,,,,,Y
10059295,Dry scalp,10013786,,,,,,,Y
10059296,Intermittent headache,10019211,,,,,,,Y
10059404,Painful orgasm,10031085,,,,,,,Y
10059666,Smoker's cough,10011224,,,,,,,Y
10059808,Pretibial edema,10030124,,,,,,,Y
10059816,Skin trophic ulcer,10040943,,,,,,,Y
10059825,Pretibial oedema,10030124,,,,,,,Y
10059851,Postprandial emesis,10047700,,,,,,,Y
10060442,Oedema limbs,10030124,,,,,,,Y
10060771,Urticaria localised,10046735,,,,,,,Y
10060773,Urticaria localized,10046735,,,,,,,Y
10060790,Ulcus cruris,10040943,,,,,,,Y
10060800,Hot flush,10060800,,,,,,,Y
10060816,Filmy vision,10047513,,,,,,,Y
10060817,Cloudy vision,10047513,,,,,,,Y
10060818,Hazy vision,10047513,,,,,,,Y
10061103,Dermatitis radiation,10063562,,,,,,,Y
10061428,Decreased appetite,10061428,,,,,,,Y
10061461,Erectile dysfunction,10061461,,,,,,,Y
10062225,Urinary tract pain,10062225,,,,,,,Y
10062283,Nail ridging,10048886,,,,,,,Y
10062299,Vesicular stomatitis,10042128,,,,,,,Y
10062367,Abdominal pain localized,10000081,,,,,,,Y
10062428,Generalized aching,10033371,,,,,,,Y
10062438,Generalized joint pain,10003239,,,,,,,Y
10062441,Generalized muscle aches,10028411,,,,,,,Y
10062442,Generalized raised red spots limbs,10037868,,,,,,,Y
10062443,Generalized raised red spots trunk,10037868,,,,,,,Y
10062449,Generalized urticarial rash,10046735,,,,,,,Y
10062620,Continuous urinary leakage,10046543,,,,,,,Y
10062643,Injection site muscle reaction,10022095,,,,,,,Y
10062661,Sweaty hands,10020642,,,,,,,Y
10062975,Sensory neuropathy,10034620,,,,,,,Y
10063052,Malodorous flatulence,10016766,,,,,,,Y
10063069,Palmar-plantar erythema,10033553,,,,,,,Y
10063142,Retroauricular pain,10019211,,,,,,,Y
10063453,Dysphylaxia,10022437,,,,,,,Y
10063467,Transient insomnia,10022437,,,,,,,Y
10063543,Localised muscle pain,10028411,,,,,,,Y
10063545,Localized muscle pain,10028411,,,,,,,Y
10063562,Radiation skin injury,10063562,,,,,,,Y
10063582,Constipation chronic,10010774,,,,,,,Y
10063640,Radiation burn,10063562,,,,,,,Y
10063962,Sweat odor abnormal,10040904,,,,,,,Y
10063964,Sweat odour abnormal,10040904,,,,,,,Y
10064130,Skin xerosis,10013786,,,,,,,Y
10064238,Gonalgia,10003239,,,,,,,Y
10064349,Postprandial nausea,10028813,,,,,,,Y
10064536,Functional dyspepsia,10013946,,,,,,,Y
10064630,Pulsatile tinnitus,10043882,,,,,,,Y
10064731,Body hair loss,10001760,,,,,,,Y
10064897,Phytophotodermatitis,10034972,,,,,,,Y
10064907,Functional abdominal pain,10000081,,,,,,,Y
10065005,Non-ulcer dyspepsia,10013946,,,,,,,Y
10065260,Splitting nails,10048886,,,,,,,Y
10065309,Premenstrual cramps,10000081,,,,,,,Y
10065347,Premenstrual pain,10033371,,,,,,,Y
10065361,Aconuresis,10046543,,,,,,,Y
10065601,Involuntary bowel movement,10016092,,,,,,,Y
10065603,Fatigueability generalised,10016256,,,,,,,Y
10065606,Postprandial pain,10000081,,,,,,,Y
10065801,Peritoneal pain,10000081,,,,,,,Y
10065997,Trigger point pain,10033371,,,,,,,Y
10066097,Intractable hiccups,10020039,,,,,,,Y
10066197,Anorexia post chemotherapy,10061428,,,,,,,Y
10066222,Paroxysmal cough,10011224,,,,,,,Y
10066421,Vitreal cells,10028623,,,,,,,Y
10066425,Plantar hyperhidrosis,10020642,,,,,,,Y
10066455,Sudation increased,10020642,,,,,,,Y
10066501,Chills worsened,10008531,,,,,,,Y
10066522,Acute cough,10011224,,,,,,,Y
10066530,Acute depression,10012378,,,,,,,Y
10066533,Diarrhea recurrent,10012735,,,,,,,Y
10066534,Diarrhoea recurrent,10012735,,,,,,,Y
10066535,Dry skin aggravated,10013786,,,,,,,Y
10066549,Chronic anxiety,10002855,,,,,,,Y
10066555,Chronic depression,10012378,,,,,,,Y
10066556,Chronic diarrhea,10012735,,,,,,,Y
10066557,Chronic diarrhoea,10012735,,,,,,,Y
10066560,Chronic edema of legs,10030124,,,,,,,Y
10066563,Chronic epistaxis,10015090,,,,,,,Y
10066564,Chronic fatigue,10016256,,,,,,,Y
10066567,Chronic heartburn,10013946,,,,,,,Y
10066568,Chronic abdominal pain,10000081,,,,,,,Y
10066588,Chronic oedema of legs,10030124,,,,,,,Y
10066589,Recurrent depressive disorder,10012378,,,,,,,Y
10066606,Acute dyspnea,10013968,,,,,,,Y
10066607,Acute dyspnoea,10013968,,,,,,,Y
10066618,Headache recurrent,10019211,,,,,,,Y
10066656,Chronic cough,10011224,,,,,,,Y
10066677,Chronic leg ulcer,10040943,,,,,,,Y
10066680,Urticaria recurrent,10046735,,,,,,,Y
10066683,Venous ulcer recurrent,10040943,,,,,,,Y
10066689,Chronic wheezing,10047924,,,,,,,Y
10066707,Oedema peripheral aggravated,10030124,,,,,,,Y
10066708,Edema peripheral aggravated,10030124,,,,,,,Y
10066714,Acute pain,10033371,,,,,,,Y
10066933,Anxiodepressive syndrome,10012378,,,,,,,Y
10066990,Gastrooesophageal burning,10013946,,,,,,,Y
10066996,Heart racing,10033557,,,,,,,Y
10066998,Gastroesophageal burning,10013946,,,,,,,Y
10067031,Post coital pain,10013941,,,,,,,Y
10067034,Per vaginal discharge,10046901,,,,,,,Y
10067036,Decreased frequency of erections,10061461,,,,,,,Y
10067053,Mushy diarrhoea,10012735,,,,,,,Y
10067054,Mushy diarrhea,10012735,,,,,,,Y
10067106,Multiple skin ulcers,10040943,,,,,,,Y
10067146,Sudoresis,10020642,,,,,,,Y
10067244,Gingivostomatitis,10042128,,,,,,,Y
10067342,Hyporexia,10061428,,,,,,,Y
10067516,Pseudomembranous stomatitis,10042128,,,,,,,Y
10067561,Hyposexuality,10024419,,,,,,,Y
10068211,Toenail discoloration,10028692,,,,,,,Y
10068212,Toenail discolouration,10028692,,,,,,,Y
10068309,Pain upon movement,10033371,,,,,,,Y
10068310,Leg ulcer,10040943,,,,,,,Y
10068446,Short-term memory impairment,10027175,,,,,,,Y
10068552,Coxodynia,10003239,,,,,,,Y
10068684,Paradoxical diarrhea,10012735,,,,,,,Y
10068685,Paradoxical diarrhoea,10012735,,,,,,,Y
10069139,Pain localized,10033371,,,,,,,Y
10069366,Hypophonia,10013952,,,,,,,Y
10069640,Hand and foot skin reaction,10033553,,,,,,,Y
10000106,Abdominal wall strained,10050031,,,,,,,Y,17216
10000189,Abnormal words or word usage NOS,10041466,,,,,,,Y,
10000386,Accommodation dark disorder,10029404,,,BLIND NIGHT,,,,Y,
10000425,Ache across chest,10008479,,,,,,,Y,
10000426,Ache breast,10006298,,,PAIN BREAST,,,,Y,
10000427,Ache in testis,10043345,,,,,,,Y,
10000431,Aches & pains in legs,10033425,,,,,,,Y,
10000446,Aching eye socket,10015958,,,,,,,Y,
10000448,Aching in limb,10033425,,,,,,,Y,
10000450,"Aching pain in hands, forearms, elbows",10033425,,,,,,,Y,
10000496,Acne,10000496,1001,80,ACNE,,,,Y,299
10000498,Acne aggravated,10000496,1007,,,,,,Y,
10000500,Acne comedonal,10000496,,,,,,,Y,
10000505,Acne follicular,10000496,,,,,,,Y,
10000508,Acne medicamentosa,10000496,,,,,,,Y,
10000510,Acne NOS,10000496,,,,,,,Y,
10000512,Acne papular,10000496,,,,,,,Y,
10000516,Acne steroid,10000496,,,,,,,Y,
10000517,Acne steroid-induced,10000496,,,,,,,Y,
10000519,Acne vulgaris,10000496,,,,,,,Y,29904
10000573,Acquired night blindness,10029404,,,,,368.62,,Y,
10000683,Acute back pain,10003988,,,,,,,Y,
10000690,Acute cervical pain,10028836,,,,,,,Y,
10001055,Acute retention of urine,10046555,,,,,,,Y,
10001293,Adiposis,10029883,,,,,,,Y,79002
10001495,Agitated,10001497,,,,,,,Y,
10001497,Agitation,10001497,163001,140,AGITATION,,,,Y,189
10001498,Agitation aggravated,10001497,163008,,,,,,Y,
10001499,Agitation mental,10001497,163003,,AGITATION,,,,Y,18904
10001718,Allergic reaction,10020751,712001,195,ALLERG REACT,,,,Y,19
10001738,Allergy,10020751,1058001,,ALLERG REACT,,,,Y,2226
10001854,Altered state of consciousness,10001854,151011,,,,,,Y,
10002506,Angor mortis,10066392,166005,,ANXIETY,,,,Y,80409
10003104,Arousal difficult,10012373,151005,,STUPOR,,,,Y,28806
10003246,Arthritis,10003246,64001,510,ARTHRITIS,,,,Y,114
10003744,Attitude changed,10034719,,,PERSON DIS,,,,Y,
10003749,Atypical face pain,10016059,,,,350.2,350.2,,Y,
10003868,Awaking excitability,10001497,,,,,,,Y,42103
10003962,Babbling,10041466,,,,,,,Y,
10003978,Back ache,10003988,717004,,PAIN BACK,,,,Y,74405
10003985,Back distress,10003988,717007,,PAIN BACK,,,,Y,74404
10003988,Back pain,10003988,717001,3885,PAIN BACK,,,,Y,744
10003989,Back pain (with radiation),10003988,,,,,,,Y,
10003990,Back pain (without radiation),10003988,,,,,,,Y,
10003993,Backache,10003988,,,,,,,Y,
10003994,"Backache, unspecified",10003988,,,,724.5,724.5,,Y,
10004981,Blackheads,10000496,,,ACNE,,,,Y,
10005032,Bladder cramps,10005063,,,,,,,Y,83403
10005045,Bladder inability to empty,10046555,157006,,URIN RETENT,,,,Y,71001
10005063,Bladder pain,10005063,,,PAIN,,,,Y,
10005071,Bladder retention,10046555,157005,,URIN RETENT,,,,Y,71003
10005181,Blindness night,10029404,234001,,BLIND NIGHT,,,,Y,887
10006002,Bone pain,10006002,1347004,3895,PAIN BONE,,,,Y,228302
10006003,Bone pain aggravated,10006002,1347008,,,,,,Y,
10006298,Breast pain,10006298,1839001,3900,PAIN BREAST,,,,Y,68320
10006299,Breast pain female,10006298,643001,,PAIN BREAST,,,,Y,406
10006300,Breast pain male,10006298,837001,,PAIN BREAST,,,,Y,608
10006443,Bronchial spasm,10006482,,,,,,,Y,
10006464,Bronchoconstriction,10006482,,,,,,,Y,
10006482,Bronchospasm,10006482,511001,812,ASTHMA,,,,Y,132
10006634,Burn,10053615,1809001,,,,,,Y,
10006706,Burn local,10053615,,,APPLICAT SITE REACT,,,,Y,
10006772,"Burn, unspecified site",10053615,,,,949,949,,Y,
10006795,Burns extensive,10053615,,,,,,,Y,
10006798,Burns multiple,10053615,,,,,,,Y,
10007031,Calf pain,10033425,1439003,,,,,,Y,259401
10007941,Central nervous system depression NOS,10012373,,,,,,,Y,
10008296,Cervical pain,10028836,717011,,,,,,Y,74409
10008322,Cervicalgia,10028836,,,,723.1,723.1,,Y,
10008406,Character change,10034719,192003,,,,,,Y,41204
10008461,Chest ache,10008479,718009,,PAIN CHEST,,,,Y,15201
10008462,Chest aching,10008479,,,,,,,Y,
10008463,Chest aching of,10008479,718010,,PAIN CHEST,,,,Y,15212
10008465,Chest burning,10008479,,,,,,,Y,
10008466,Chest burning pain of,10008479,718011,,PAIN CHEST,,,,Y,15210
10008479,Chest pain,10008479,718001,,PAIN CHEST,,,,Y,
10008483,Chest pain precordial,10008479,719001,,PAIN CHEST SUBSTERN,,,,Y,540
10008837,Chronic back pain,10003988,,,,,,,Y,
10009105,Chronic pharyngitis,10034835,,,,472.1,472.1,,Y,
10009127,Chronic retention of urine,10046555,,,,,,,Y,
10009711,CNS depression NOS,10012373,151008,,,,,,Y,28813
10010101,Comedo,10000496,,,,,,,Y,29902
10010103,Comedone,10000496,,,,,,,Y,
10010765,Consciousness abnormal,10012373,,,,,,,Y,28802
10010767,Consciousness clouding,10012373,,,,,,,Y,28803
10010768,Consciousness decreased,10012373,151009,,,,,,Y,28814
10010769,Consciousness disturbance transient,10001854,,,,,,,Y,28805
10010770,Consciousness disturbed,10001854,,,,,,,Y,28804
10011754,Cystalgia,10005063,599004,,,,,,Y,1166
10011861,Dark accommodation disorder,10029404,234003,,BLIND NIGHT,,,,Y,88701
10011974,Decreased night vision,10029404,,,,,,,Y,
10012174,Dehydration,10012174,370001,1365,DEHYDRAT,,,,Y,593
10012373,Depressed level of consciousness,10012373,,,,,,,Y,
10013036,Diplopia,10013036,241001,1450,DIPLOPIA,368.2,368.2,,Y,807
10013212,Disorder dark accommodation,10029404,,,BLIND NIGHT,,,,Y,
10013239,Disorder nail,10028694,,,NAIL DIS,,,,Y,
10013269,Disorder speech,10041466,,,SPEECH DIS,,,,Y,
10013276,Disorder tooth,10044034,,,TOOTH DIS,,,,Y,
10013601,Dorsal pain,10003988,717005,,PAIN BACK,,,,Y,74403
10013614,Double vision,10013036,,,,,,,Y,
10013992,Ear ache,10014020,260001,,,,,,Y,2523
10014005,Ear disorder NOS,10014004,1255001,,EAR DIS,,,,Y,2375
10014020,Ear pain,10014020,260003,3915,PAIN EAR,,,,Y,252301
10014037,Earache,10014020,,,PAIN EAR,,,,Y,342
10015123,Erethism,10022998,,,CNS STIMULAT,,,,Y,
10015573,Exacerbation of acne,10000496,,,,,,,Y,
10015580,Exacerbation of photophobia,10034960,,,,,,,Y,
10015622,Excitability,10001497,188005,,NERVOUSNESS,,,,Y,42105
10015623,Excitable,10001497,,,,,,,Y,
10015627,Excitement,10001497,,,,,,,Y,42104
10015628,Excitement abnormal,10001497,,,,,,,Y,18901
10015629,Excitement excessive,10001497,,,EUPHORIA,,,,Y,56203
10015655,Exercise-induced bronchospasm,10006482,,,,,,,Y,
10015723,Extensive burns,10053615,,,,,,,Y,
10015726,Extensive striae,10040925,,,,,,,Y,
10015758,External tibial bone painful,10006002,,,,,,,Y,1171
10015906,Eye ache,10015958,,,,,,,Y,
10015959,Eye painful red,10015958,,,,,,,Y,
10015961,Eye prick pain of,10015958,,,,,,,Y,9702
10015968,Eye tenderness,10015958,,,,,,,Y,
10015974,Eyeball soreness,10015958,,,,,,,Y,
10016011,Eyes sensitive to sunlight,10034960,,,,,,,Y,
10016012,Eyes stinging,10015958,,,,,,,Y,
10016046,Facial flushing,10016825,,,,,,,Y,
10016355,Feeling of residual urine,10060695,,,,,,,Y,74201
10016751,Flare up of arthritis,10003246,,,,,,,Y,
10016802,Fluid loss,10012174,370003,,DEHYDRAT,,,,Y,59302
10016821,Flushed,10016825,,,,,,,Y,
10016822,Flushed chest,10016825,,,,,,,Y,
10016823,Flushed face,10016825,,,,,,,Y,
10016824,Flushed skin,10016825,,,,,,,Y,
10016825,Flushing,10016825,207001,,VASODILAT,,782.62,,Y,648
10016826,Flushing of face,10016825,,,,,,,Y,
10016974,Foot pain,10033425,,,,,,,Y,
10017362,Frenzy,10001497,,,,,,,Y,18903
10017638,Gallbladder pain,10017638,,,PAIN BIL,,,,Y,
10017999,Gastrointestinal pain,10017999,,3921,,,,,Y,
10018000,Gastrointestinal pain NOS,10017999,,,,,,,Y,
10018077,Generalised chest pain,10008479,,,,,,,Y,
10018078,Generalised chest pains,10008479,,,,,,,Y,
10018083,Generalised flushing,10016825,,,,,,,Y,
10018241,GI pain,10017999,,,PAIN ABDO,,,,Y,
10018286,Gingival pain,10018286,,,,,,,Y,1320
10018742,Gross flushing,10016825,,,,,,,Y,
10018787,Gum pain,10018286,,,,,,,Y,
10018796,Gut pain,10017999,,,,,,,Y,
10019116,Hand pain,10033425,,,,,,,Y,
10020625,Hyperexcitability,10001497,,,,,,,Y,
10020626,Hyperexcitability extreme,10001497,186003,,CNS STIMULAT,,,,Y,56202
10020627,Hyperexcitation,10001497,163005,,AGITATION,,,,Y,18902
10021651,Increased agitation,10001497,,,,,,,Y,
10021777,Infected ingrowing toe nail,10034016,,,,,,,Y,
10021926,Infertility,10021926,,,,,,,Y,
10022077,Injection site infiltration,10022062,,,,,,,Y,
10022723,Intolerance alcoholic,10001598,770003,,ALCOHOL INTOLER,,,,Y,1402
10022998,Irritability,10022998,188006,,NERVOUSNESS,,,,Y,42106
10023000,Irritable,10022998,,,,,,,Y,
10023006,Irritable excitation,10022998,,,,,,,Y,42118
10023008,Irritable sensation transient,10022998,,,,,,,Y,42116
10023010,Irritable symptom,10022998,,,,,,,Y,42117
10023145,Jaw cramp,10044684,,,,,,,Y,16603
10023155,Jaw movements disturbance,10044684,,,,,,,Y,16601
10023158,Jaw spasm,10044684,,,,,,,Y,16602
10023217,Joint inflammation,10003246,64004,,ARTHRITIS,,,,Y,11402
10023233,Joint swelling inflammatory,10003246,,,,,,,Y,11401
10023664,Lactation disorder NOS,10061261,,,,,,,Y,
10023848,Laryngeal pain,10068319,,,,,,,Y,25402
10023875,Laryngitis (acute),10023874,,,,,,,Y,
10023876,Laryngitis acute NOS,10023874,,,,,,,Y,
10023878,Laryngitis chronic NOS,10023874,,,,,,,Y,
10023879,Laryngitis NOS,10023874,,,,,,,Y,
10023899,Larynx burning pain of,10068319,,,,,,,Y,25401
10023922,Larynx pain,10068319,1648001,,,,,,Y,2592
10024130,Leg pain,10033425,1439001,,,,,,Y,2594
10024561,Lip pain,10024561,,,,,,,Y,25206
10024568,Lip sore,10024561,,,,,,,Y,25202
10024569,Lip soreness,10024561,270003,,,,,,Y,
10024703,Liver pain,10019705,,,,,,,Y,
10024798,Loin pain,10003988,621003,,PAIN BACK,,,,Y,47803
10024890,Low back ache,10003988,,,,,,,Y,
10024891,Low back pain,10003988,,,,,,,Y,
10024892,Low back pain (without radiation),10003988,,,,,,,Y,
10024988,Lumbago,10003988,,,PAIN BACK,724.2,724.2,,Y,
10024989,Lumbago (excl lumbar disc lesion),10003988,,,,,,,Y,
10024998,Lumbar pain,10003988,717010,,,,,,Y,74408
10025012,Lumbo-sacral pain,10003988,717008,,PAIN BACK,,,,Y,74407
10026876,Mastalgia,10006298,643003,,PAIN BREAST,,,,Y,40601
10026892,Mastodynia,10006298,,,,,611.71,,Y,
10027737,Mittelschmerz,10033314,,,OVAR DIS,625.2,625.2,,Y,
10027966,Morbid obesity,10029883,,,,,278.01,,Y,
10028030,Mouth pain,10031009,,,,,,,Y,25710
10028175,Multiple burns,10053615,,,,,,,Y,
10028313,Muscle inflammation,10028653,,,,,,,Y,
10028684,Nail abnormality NOS,10028694,,,,,,,Y,
10028689,Nail changes,10028694,20007,,,,,,Y,65709
10028690,Nail deformation,10028694,,,,,,,Y,65704
10028694,Nail disorder,10028694,20001,3530,NAIL DIS,,,,Y,657
10028696,Nail disorder NOS,10028694,,,,,,,Y,
10028735,Nasal congestion,10028735,539011,,RHINITIS,,,,Y,76719
10028748,Nasal obstruction,10067775,,,,,,,Y,76713
10028749,Nasal obstruction increased,10067775,,,,,,,Y,76714
10028771,Nasal stuffiness,10028735,,,RHINITIS,,,,Y,
10028828,Neck cramps,10028334,,,,,,,Y,1028
10028836,Neck pain,10028836,,3935,PAIN NECK,,,,Y,
10029181,Nerve pain,10029223,124003,,NEURALGIA,,,,Y,42401
10029223,Neuralgia,10029223,124001,3670,NEURALGIA,,,,Y,424
10029224,Neuralgia affecting finger tips,10029223,,,,,,,Y,
10029226,Neuralgia NOS,10029223,,,,,,,Y,
10029404,Night blindness,10029404,,735,BLIND NIGHT,368.6,368.6,,Y,
10029406,Night blindness associated with vitamin A deficiency,10029404,,,,,,,Y,
10029407,"Night blindness, unspecified",10029404,,,,,368.6,,Y,
10029524,Nonspecific chest pain,10008479,,,,,,,Y,
10029794,Nose congestion,10028735,539004,,RHINITIS,,,,Y,76708
10029862,Nyctalopia,10029404,234004,,BLIND NIGHT,,,,Y,88702
10029869,"Nystagmus, unspecified",10029864,,,,,379.5,,Y,
10029883,Obesity,10029883,397001,3740,OBESITY,278,278,,Y,790
10029985,Obtundation,10012373,151010,,,,,,Y,28815
10029986,Obtundation mental,10012373,,,THINKING ABNORM,,,,Y,
10030065,Ocular stinging,10015958,,,,,,,Y,
10030090,Odontalgia,10044055,,,,,,,Y,
10030990,Oral mucosa pain,10031009,,,,,,,Y,25705
10031009,Oral pain,10031009,,,,,,,Y,
10031053,Orbital pain,10015958,,,,,,,Y,12301
10031265,Osteoneuralgia,10006002,,,,,,,Y,228301
10031304,Otalgia,10014020,,,,388.7,388.7,,Y,
10031305,"Otalgia, unspecified",10014020,,,,,388.7,,Y,
10031675,Other back pain with radiating symptoms,10003988,,,,,,,Y,
10033098,Otogenic pain,10014020,,,,,388.71,,Y,
10033380,Pain back,10003988,,,PAIN BACK,,,,Y,
10033381,Pain behind eyes,10015958,,,,,,,Y,
10033383,Pain bladder,10005063,,,PAIN,,,,Y,
10033385,Pain breast,10006298,,,PAIN BREAST,,,,Y,
10033387,Pain chest,10008479,,,PAIN CHEST,,,,Y,
10033388,Pain chest substernal,10008479,,,PAIN CHEST SUBSTERN,,,,Y,
10033391,Pain dorsal,10003988,,,PAIN BACK,,,,Y,
10033393,Pain ear,10014020,,,PAIN EAR,,,,Y,
10033397,Pain eye,10015958,,,PAIN EYE,,,,Y,
10033398,Pain femoral,10006002,,,,,,,Y,68307
10033400,Pain foot,10033425,,,PAIN,,,,Y,
10033404,Pain gum,10018286,,,GINGIVITIS,,,,Y,
10033421,Pain in arm,10033425,,,,,,,Y,
10033422,Pain in calf,10033425,,,,,,,Y,
10033423,Pain in ear,10014020,,,,,,,Y,
10033425,Pain in extremity,10033425,,3918,,,,,Y,
10033426,Pain in eyes,10015958,,,,,,,Y,
10033427,Pain in face,10016059,730006,,,,,,Y,68322
10033428,Pain in fingers,10033425,,,,,,,Y,
10033429,Pain in foot,10033425,,,,,,,Y,
10033430,Pain in hand,10033425,,,,,,,Y,
10033431,Pain in heel,10033425,,,,,,,Y,
10033446,Pain in leg,10033425,,,,,,,Y,
10033447,Pain in limb,10033425,1439005,,,729.5,729.5,,Y,
10033449,Pain in testis,10043345,,,,,,,Y,
10033450,Pain in thoracic spine,10006002,,,,724.1,724.1,,Y,
10033451,Pain in thumb,10033425,,,,,,,Y,
10033452,Pain in toe,10033425,,,,,,,Y,
10033459,Pain legs,10033425,1439004,,,,,,Y,259402
10033460,Pain loin,10003988,,,PAIN BACK,,,,Y,
10033462,Pain lumbosacral,10003988,,,PAIN BACK,,,,Y,
10033464,Pain mouth,10031009,,,STOMATITIS,,,,Y,
10033467,Pain neck,10028836,,,PAIN NECK,,,,Y,
10033469,Pain nerve,10029223,,,NEURALGIA,,,,Y,
10033471,Pain of extremities,10033425,,,,,,,Y,
10033473,Pain of lower extremities,10033425,,,,,,,Y,68302
10033474,Pain of skin,10033474,,,,,,,Y,68313
10033475,Pain on lower thigh,10033425,,,PAIN,,,,Y,
10033476,Pain oral,10031009,,,,,,,Y,
10033478,Pain over the back,10003988,,,,,,,Y,
10033479,Pain pelvic,10034263,,,PAIN PELVIC,,,,Y,
10033481,Pain pharynx,10068319,,,PHARYNGITIS,,,,Y,
10033482,Pain pleural,10035623,,,PAIN,,,,Y,
10033483,Pain precordial,10008479,,,PAIN CHEST SUBSTERN,,,,Y,
10033485,Pain prostatic,10036968,,,PAIN,,,,Y,
10033488,Pain retrosternal,10008479,,,PAIN CHEST SUBSTERN,,,,Y,
10033493,Pain substernal,10008479,,,PAIN CHEST SUBSTERN,,,,Y,
10033494,Pain throat,10068319,,,PHARYNGITIS,,,,Y,
10033498,Pain urethral,10046461,,,PAIN URETHRA,,,,Y,
10033503,Painful arm,10033425,,,,,,,Y,
10033504,Painful breasts,10006298,,,,,,,Y,
10033506,Painful feet,10033425,,,,,,,Y,
10033508,Painful hand,10033425,,,,,,,Y,
10033513,Painful L arm,10033425,,,,,,,Y,
10033515,Painful R arm,10033425,,,,,,,Y,
10033516,Painful red eyes,10015958,,,,,,,Y,
10033522,Pains in legs,10033425,,,,,,,Y,
10034009,Parkinsonian-like tremor,10044565,,,,,,,Y,
10034263,Pelvic pain,10034263,730004,3940,PAIN PELVIC,,,,Y,68321
10034264,Pelvic pain NOS,10034263,,,,,,,Y,
10034265,Pelvic pain NOS (female),10034263,,,,,,,Y,
10034310,Penile pain,10034310,,,,,,,Y,
10034525,Perineal pain female,10061339,631001,,PAIN PELVIC,,,,Y,403
10034526,Perineal pain male,10061339,856001,,PAIN PELVIC,,,,Y,605
10034527,Perineal pain NOS,10061339,,,,,,,Y,
10034546,Periorbital pain,10015958,,,,,,,Y,
10034719,Personality change,10034719,,,,,,,Y,
10034836,Pharyngitis (excl tonsillitis),10034835,,,,,,,Y,
10034838,Pharyngitis NOS,10034835,,,,,,,Y,
10034844,Pharyngolaryngeal pain,10068319,,,,,,,Y,112302
10034854,Pharynx ill sensation of,10068318,,,,,,,Y,3602
10034864,Pharynx strange sensation of,10068318,,,,,,,Y,3603
10034960,Photophobia,10034960,250001,4140,PHOTOPHOBIA,,,,Y,366
10034961,Photophobia aggravated,10034960,,,,,,,Y,
10035048,Pimple,10000496,,,,,,,Y,
10035049,Pimples,10000496,,,ACNE,,,,Y,
10035613,Pleural pain,10035623,526001,,PAIN,,,,Y,159
10035626,Pleurodynia,10035623,526003,,PAIN,,,,Y,15901
10036968,Prostatic pain,10036968,,,,,,,Y,
10038237,Referred otogenic pain,10014020,,,,,388.72,,Y,
10038652,Respiration irregularity,10038683,,,,,,,Y,104301
10038784,Retention urine,10046555,,,,,,,Y,
10038786,Retention with overflow,10046555,,,,,,,Y,
10038986,Retrosternal chest pain,10008479,,,,,,,Y,
10038988,Retrosternal pain,10008479,720004,,PAIN CHEST SUBSTERN,,,,Y,14802
10039090,Rhinitis medicamentosa,10028735,,,,,,,Y,
10039091,Rhinitis medicamentous,10028735,,,RHINITIS,,,,Y,
10039171,Rigidity masticatory,10044684,,,,,,,Y,16607
10039521,Scalp tenderness,10033474,113007,,,,,,Y,61807
10039757,Scrotal pain,10039757,1500003,,PAIN,,,,Y,269901
10039950,Semi-coma,10012373,151003,,STUPOR,,,,Y,28801
10039951,Semi-conscious,10012373,,,,,,,Y,
10040011,Sensitivity of gums,10018286,,,,,,,Y,
10040019,Sensorium decreased,10012373,,,STUPOR,,,,Y,
10040527,Shakiness,10044565,,,NERVOUSNESS,,,,Y,
10040528,Shaking,10044565,154010,,TREMOR,,,,Y,47501
10040530,Shaking of hands,10044565,,,,,,,Y,
10040777,Skeletal pain,10006002,1347001,,PAIN,,,,Y,2283
10040850,Skin flushed,10016825,207006,,VASODILAT,,,,Y,64808
10040925,Skin striae,10040925,40001,4670,SKIN STRIAE,,,,Y,783
10041045,Slow response to stimuli,10012373,,,,,,,Y,
10041231,Snappy,10022998,,,,,,,Y,
10041353,Sore back,10003988,,,,,,,Y,
10041354,Sore breasts,10006298,,,,,,,Y,
10041356,Sore eye,10015958,,,,,,,Y,
10041357,Sore eyes,10015958,,,,,,,Y,
10041358,Sore feet,10033425,,,,,,,Y,
10041359,Sore gums,10018286,,,,,,,Y,
10041361,Sore inner canthus,10015958,,,,,,,Y,
10041362,Sore mouth,10031009,,3937,,,,,Y,
10041367,Sore throat,10068319,,3944,PHARYNGITIS,,,,Y,
10041370,Soreness breast,10006298,,,PAIN BREAST,,,,Y,
10041371,Soreness gum,10018286,,,GINGIVITIS,,,,Y,
10041372,Soreness in eyes,10015958,,,,,,,Y,
10041378,Spasm bronchial,10006482,,,ASTHMA,,,,Y,
10041402,Spasm temporomandibular,10044684,,,TRISMUS,,,,Y,
10041466,Speech disorder,10041466,150001,4685,SPEECH DIS,,,,Y,225
10041469,Speech impairment NOS,10041466,,,,,,,Y,
10041471,Speech pitch disorder,10041466,,,,,,,Y,
10042012,Sterility,10021926,,,FERTIL DEC FEM,,,,Y,
10042023,Steroid acne,10000496,,,,,,,Y,29905
10042068,Stinging sensation in eyes,10015958,,,,,,,Y,
10042223,Striae,10040925,,,SKIN STRIAE,,,,Y,78302
10042224,Striae atrophic,10040925,40003,,SKIN STRIAE,,,,Y,78301
10042225,Striae atrophicae,10040925,,,,701.3,701.3,,Y,
10042226,Striae purple,10040925,40004,,SKIN STRIAE,,,,Y,78303
10042227,Striae skin,10040925,,,SKIN STRIAE,,,,Y,
10042391,Subfertility,10021926,,,,,,,Y,
10042427,Substernal chest pain,10008479,,,,,,,Y,
10042428,Substernal pain,10008479,720003,,PAIN CHEST SUBSTERN,,,,Y,14801
10042504,Superficial burn,10053615,,,,,,,Y,
10043228,Tenderness eye,10015958,,,PAIN EYE,,,,Y,
10043345,Testicular pain,10043345,1500001,,,,,,Y,2699
10043471,Thoracic pain,10008479,718012,,,,,,Y,15216
10043492,Thorax pain,10008479,,3946,,,,,Y,
10043520,Throat infection,10034835,543003,,,,,,Y,38501
10043524,Throat sore,10068319,523004,,PHARYNGITIS,,,,Y,3607
10043828,Tibia pain,10006002,,,,,,,Y,
10043990,Tongue tremor,10044565,330003,,,,,,Y,53101
10044017,Tooth ache,10044055,1376001,,,,,,Y,1053
10044034,Tooth disorder,10044034,336001,5065,TOOTH DIS,,,,Y,307
10044361,Transient alteration of awareness,10001854,,,,,780.02,,Y,
10044562,Tremble,10044565,,,,,,,Y,
10044563,Trembling,10044565,,,TREMOR,,,,Y,
10044565,Tremor,10044565,154001,5080,TREMOR,,,,Y,475
10044567,Tremor coarse,10044565,154011,,TREMOR,,,,Y,47508
10044569,Tremor fine,10044565,154005,,TREMOR,,,,Y,47510
10044570,Tremor finger,10044565,,,,,,,Y,47506
10044572,Tremor limb,10044565,154006,,TREMOR,,,,Y,47505
10044573,Tremor muscle,10044565,154007,,TREMOR,,,,Y,47503
10044576,Tremor nerve,10044565,154008,,TREMOR,,,,Y,47507
10044577,Tremor of hands,10044565,,,,,,,Y,
10044578,Tremor perioral,10044565,154003,,TREMOR,,,,Y,47504
10044579,Tremor semirrhythmic,10044565,154004,,TREMOR,,,,Y,47509
10044580,Tremulousness,10044565,,,TREMOR,,,,Y,
10044684,Trismus,10044684,68003,5085,TRISMUS,,,,Y,16604
10045480,Unconscious partial,10012373,151004,,STUPOR,,,,Y,28808
10045653,Unspecified chest pain,10008479,,,,,786.5,,Y,
10045801,Unspecified disorder of lactation,10061261,,,,676.9,676.9,,Y,
10046273,Upper back pain,10003988,,,,,,,Y,
10046461,Urethral pain,10046461,625003,3945,PAIN URETHRA,,,,Y,71502
10046809,Uterine pain,10046809,,,,,,,Y,
10046937,Vaginal pain,10069055,1505004,,,,,,Y,271604
10047519,Vision double,10013036,241003,,DIPLOPIA,,,,Y,80701
10047523,Vision loss night,10029404,,,BLIND NIGHT,,,,Y,
10047596,Vitamin A deficiency with night blindness,10029404,,,,264.5,264.5,,Y,
10047836,Water excessive loss of,10012174,,,DEHYDRAT,,,,Y,
10047928,Wheezy bronchitis,10006451,,,,,,,Y,
10048294,Mental status changes,10048294,,,,,,,Y,
10048314,Joint effusion aggravated,10023215,65009,,,,,,Y,
10048329,Tremor aggravated,10044565,154012,,,,,,Y,
10048347,Flushing aggravated,10016825,207008,,,,,,Y,
10048405,Urethral pain aggravated,10046461,621007,,,,,,Y
10048412,Back pain aggravated,10003988,717013,,,,,,Y
10048413,Chest pain aggravated,10008479,718014,,,,,,Y
10048581,Pelvic pain female,10034263,,,,,,,Y
10048588,Ovulation painful,10033314,,,,,,,Y
10048603,Intermenstrual pain,10033314,,,,,,,Y
10048677,Buttock pain,10028391,,,,,,,Y
10048973,Pain in thigh,10033425,,,,,,,Y
10049110,Nocturnal agitation,10001497,,,,,,,Y
10049112,Peribronchitis,10006451,,,,,,,Y
10049120,Scalp pain,10033474,,,,,,,Y
10049136,Gastrointestinal cramps,10017999,,,,,,,Y
10049219,Obnubilation,10012373,,,,,,,Y
10049232,Fertility decreased,10021926,,,,,,,Y
10049308,Sensitive mouth,10031009,,,,,,,Y
10049309,Tender mouth,10031009,,,,,,,Y
10049310,Stinging mouth,10031009,,,,,,,Y
10049311,Burned mouth,10053615,,,,,,,Y
10049358,Tender lips,10024561,,,,,,,Y
10049359,Stinging lips,10024561,,,,,,,Y
10049360,Sensitive lips,10024561,,,,,,,Y
10049400,Burning gum,10018286,,,,,,,Y
10049401,Stinging gum,10018286,,,,,,,Y
10049402,Throbbing gum,10018286,,,,,,,Y
10049403,Ache gum,10018286,,,,,,,Y
10049405,Irritation gum,10018286,,,,,,,Y
10049503,Breast feeding problem (maternal),10061261,,,,,,,Y
10049860,Cervicodynia,10028836,,,,,,,Y
10049875,Alertness decreased,10012373,,,,,,,Y
10049898,Bowel cramps,10017999,,,,,,,Y
10049900,Intestinal cramps,10017999,,,,,,,Y
10050016,Osteophytosis,10015688,,,,,,,Y
10050113,Headache unilateral,10067040,,,,,,,Y
10050175,Rachialgia,10006002,,,,,,,Y
10050741,Retro-orbital pain,10015958,,,,,,,Y
10050800,Neurogenic pain,10029223,,,,,,,Y
10051361,Adipositas,10029883,,,,,,,Y
10051465,Mastalgia male,10006298,,,,,,,Y
10051490,Prostatodynia,10036968,,,,,,,Y
10051797,Skin tenderness,10033474,,,,,,,Y
10051837,Skin induration,10051837,,,,,,,Y
10052060,Pain in spine,10006002,,,,,,,Y
10052102,Lisp,10041466,,,,,,,Y
10052106,Rhinosinusitis,10040753,,,,,,,Y
10052410,Unilateral leg pain,10033425,,,,,,,Y
10052429,Acute lumbago,10003988,,,,,,,Y
10052430,Chronic lumbago,10003988,,,,,,,Y
10052626,Adipositas per magna,10029883,,,,,,,Y
10054095,Neuropathic pain,10029223,,,,,,,Y
10054198,Exsiccosis,10012174,,,,,,,Y
10056238,Phantom pain,10056238,,,,,,,Y
10056617,Gonarthritis,10003246,,,,,,,Y
10056967,Chest pain with radiation to left arm,10008479,,,,,,,Y
10057065,Striae distensae,10040925,,,,,,,Y
10057215,Isotonic dehydration,10012174,,,,,,,Y
10057218,Hypertonic dehydration,10012174,,,,,,,Y
10057224,Irritability postvaccinal,10057224,,,,,,,Y
10057289,Oropharyngitis,10034835,,,,,,,Y
10057960,Hepatobiliary pain,10019705,,,,,,,Y
10058058,Perineal sensation of burning,10061339,,,,,,,Y
10058705,Precoma,10012373,,,,,,,Y
10058802,Gingival infection,10058802,,,,,,,Y
10058957,Granulomatous myositis,10028653,,,,,,,Y
10059064,Chest pain exertional,10008479,,,,,,,Y
10059080,Vaccination site reaction,10059080,,,,,,,Y
10059154,Coxitis,10003246,,,,,,,Y
10059488,Inappropriate speech,10041466,,,,,,,Y
10059593,Spasmus nutans,10029864,,,,,,,Y
10059639,Laryngeal obstruction,10059639,,,,,,,Y
10059671,Melalgia,10033425,,,,,,,Y
10059723,Tooth pain,10044055,,,,,,,Y
10060697,Arthritis flare up,10003246,,,,,,,Y
10060901,Nail thinning,10028694,,,,,,,Y
10061083,Dull eye pain,10015958,,,,,,,Y
10061261,Lactation disorder,10061261,,,,,,,Y
10061339,Perineal pain,10061339,,,,,,,Y
10062430,Generalized chest pain,10008479,,,,,,,Y
10062435,Generalized flushing,10016825,,,,,,,Y
10062687,Omarthritis,10003246,,,,,,,Y
10063190,Rectal mucositis,10036774,,,,,,,Y
10063442,Iliolumbar syndrome,10063442,,,,,,,Y
10063455,Nasal mucosal swelling,10028735,,,,,,,Y
10064734,Dorsalgia,10003988,,,,,,,Y
10064973,Allergic bronchospasm,10006482,,,,,,,Y
10065017,Bone tenderness,10006002,,,,,,,Y
10065061,Stinging skin,10033474,,,,,,,Y
10065266,Finger arthritis,10003246,,,,,,,Y
10065571,Oculodynia,10015958,,,,,,,Y
10065576,Ophthalmalgia,10015958,,,,,,,Y
10065770,Paranasal sinus infection,10040753,,,,,,,Y
10065785,External ear pain,10065785,,,,,,,Y
10065946,Light sensitivity to eye,10034960,,,,,,,Y
10066547,Acute arthritis,10003246,,,,,,,Y
10066554,Chronic chest pain,10008479,,,,,,,Y
10066632,Acute mental status changes,10048294,,,,,,,Y
10066647,Chronic nasal congestion,10028735,,,,,,,Y
10066648,Acute nasal congestion,10028735,,,,,,,Y
10066655,Sinusitis recurrent,10040753,,,,,,,Y
